"plot","year","treatment","BG","LIT","year_treatment","block","row","column","position","exotic_forb","exotic_grass","native_forb","native_shrub","native_succulent","sprich","shannon","sprich_native","shannon_native","sprich_exotic_forbs","shannon_exotic_forbs","AMSMEN_cover","BRATOR_cover","BRODIA_cover","HORMUR_cover","BROMAD_cover","CRYINT_cover","EROMOS_cover","EROCIC_cover","LUPTRU_cover","SONOLE_cover","PHADIS_cover","LUPSPA_cover","CROSET_cover","CALCIL_cover","LUPBIC_cover","NEMMEN_cover","SISERY_cover","EUCCHR_cover","PECLIN_cover","ACMGLA_cover","SCHBAR_cover","CRACON_cover","exotic_forb_cover","exotic_grass_cover","native_forb_cover","native_shrub_cover","native_succulent_cover","years_raked"
"A_1_L","2021","unraked",0.188888888888889,0.811111111111111,"2021_unraked","A_1","A",1,"L",0.088235294117647,0.852941176470588,0.0588235294117647,0,0,7,1.3755812299802,2,0.376770161256437,2,0.679193265991526,0.0777777777777778,0.0777777777777778,0.4,0.133333333333333,0.755555555555556,0.0111111111111111,0.0555555555555556,0,0,0,0,0,0,0,0,0,0,0,0,0,0,0,0.122222222222222,0.955555555555556,0.0888888888888889,0,0,0
"A_1_U","2021","raked",0.122222222222222,0.855555555555556,"2021_raked","A_1","A",1,"U",0.047244094488189,0.913385826771653,0.0393700787401575,0,0,8,1.183569709304,2,0.500402423538188,3,1.01140426470735,0.0444444444444444,0.0333333333333333,0.211111111111111,0.188888888888889,0.888888888888889,0,0.0222222222222222,0.0111111111111111,0.0111111111111111,0,0,0,0,0,0,0,0,0,0,0,0,0,0.0666666666666667,0.977777777777778,0.0555555555555556,0,0,0
"A_2_L","2021","raked",0.0888888888888889,0.9,"2021_raked","A_2","A",2,"L",0.00826446280991736,0.96694214876033,0.0247933884297521,0,0,7,1.05567378554515,3,1.09861228866811,1,0,0.0111111111111111,0,0.577777777777778,0.0888888888888889,0.633333333333333,0.0111111111111111,0.0111111111111111,0,0.0111111111111111,0,0,0,0,0,0,0,0,0,0,0,0,0,0.0111111111111111,0.944444444444444,0.0222222222222222,0,0,0
"A_2_U","2021","unraked",0.0888888888888889,0.911111111111111,"2021_unraked","A_2","A",2,"U",0.0152671755725191,0.931297709923664,0.0534351145038168,0,0,5,1.06239212286669,1,0,1,0,0.0777777777777778,0.0222222222222222,0.7,0.0555555555555556,0.6,0,0,0,0,0,0,0,0,0,0,0,0,0,0,0,0,0,0.0222222222222222,0.966666666666667,0.0777777777777778,0,0,0
"A_3_L","2021","unraked",0.133333333333333,0.866666666666667,"2021_unraked","A_3","A",3,"L",0.024,0.92,0.056,0,0,5,0.974048125000981,1,0,1,0,0.0777777777777778,0.0333333333333333,0.855555555555556,0.0222222222222222,0.4,0,0,0,0,0,0,0,0,0,0,0,0,0,0,0,0,0,0.0333333333333333,0.977777777777778,0.0777777777777778,0,0,0
"A_3_U","2021","raked",0.0111111111111111,0.977777777777778,"2021_raked","A_3","A",3,"U",0.0379746835443038,0.924050632911392,0.0379746835443038,0,0,7,1.05076306085674,1,0,3,0.867563228481462,0.0666666666666667,0.0444444444444444,0.744444444444444,0.0222222222222222,0.855555555555556,0,0.0111111111111111,0.0111111111111111,0,0,0,0,0,0,0,0,0,0,0,0,0,0,0.0666666666666667,0.988888888888889,0.0666666666666667,0,0,0
"A_4_L","2021","raked",0.0888888888888889,0.911111111111111,"2021_raked","A_4","A",4,"L",0.00806451612903226,0.967741935483871,0.0241935483870968,0,0,4,0.75847858108118,1,0,1,0,0.0333333333333333,0.0111111111111111,0.922222222222222,0,0.411111111111111,0,0,0,0,0,0,0,0,0,0,0,0,0,0,0,0,0,0.0111111111111111,1,0.0333333333333333,0,0,0
"A_4_U","2021","unraked",0.0666666666666667,0.933333333333333,"2021_unraked","A_4","A",4,"U",0.0508474576271186,0.940677966101694,0.00847457627118644,0,0,6,0.966222054575815,1,0,2,0.450561208866305,0.0111111111111111,0.0555555555555556,0.633333333333333,0.0111111111111111,0.588888888888889,0,0,0,0,0.0111111111111111,0,0,0,0,0,0,0,0,0,0,0,0,0.0666666666666667,0.977777777777778,0.0111111111111111,0,0,0
"A_5_L","2021","unraked",0.255555555555556,0.744444444444444,"2021_unraked","A_5","A",5,"L",0.0619469026548673,0.858407079646018,0.079646017699115,0,0,6,0.842910416927418,2,0.348832095843032,2,0.410116318288409,0.0888888888888889,0.0666666666666667,0.966666666666667,0,0.111111111111111,0,0,0,0.0111111111111111,0.0111111111111111,0,0,0,0,0,0,0,0,0,0,0,0,0.0777777777777778,0.988888888888889,0.1,0,0,0
"A_5_U","2021","raked",0.0888888888888889,0.9,"2021_raked","A_5","A",5,"U",0.0594059405940594,0.92079207920792,0.0198019801980198,0,0,4,0.514232591962637,1,0,1,0,0.0222222222222222,0.0666666666666667,0.977777777777778,0,0.0555555555555556,0,0,0,0,0,0,0,0,0,0,0,0,0,0,0,0,0,0.0666666666666667,0.988888888888889,0.0222222222222222,0,0,0
"A_6_L","2021","raked",0.188888888888889,0.811111111111111,"2021_raked","A_6","A",6,"L",0.0625,0.875,0.0625,0,0,6,0.618185152289402,2,0.450561208866305,2,0.450561208866305,0.0555555555555556,0.0555555555555556,0.911111111111111,0,0.0222222222222222,0,0,0,0,0.0111111111111111,0.0111111111111111,0,0,0,0,0,0,0,0,0,0,0,0.0666666666666667,0.933333333333333,0.0666666666666667,0,0,0
"A_6_U","2021","unraked",0.0111111111111111,0.988888888888889,"2021_unraked","A_6","A",6,"U",0.0679611650485437,0.922330097087379,0.00970873786407767,0,0,5,0.54744985680345,1,0,2,0.410116318288409,0.0111111111111111,0.0666666666666667,0.988888888888889,0,0.0666666666666667,0,0,0,0,0.0111111111111111,0,0,0,0,0,0,0,0,0,0,0,0,0.0777777777777778,1,0.0111111111111111,0,0,0
"A_7_L","2021","unraked",0.0222222222222222,0.977777777777778,"2021_unraked","A_7","A",7,"L",0.03125,0.9375,0.03125,0,0,3,0.277113357491456,1,0,1,0,0.0333333333333333,0.0333333333333333,1,0,0,0,0,0,0,0,0,0,0,0,0,0,0,0,0,0,0,0,0.0333333333333333,1,0.0333333333333333,0,0,0
"A_7_U","2021","raked",0.155555555555556,0.844444444444444,"2021_raked","A_7","A",7,"U",0.125,0.839285714285714,0.0357142857142857,0,0,4,0.700393455871665,1,0,1,0,0.0444444444444444,0.155555555555556,0.988888888888889,0,0.0555555555555556,0,0,0,0,0,0,0,0,0,0,0,0,0,0,0,0,0,0.155555555555556,0.988888888888889,0.0444444444444444,0,0,0
"A_8_L","2021","raked",0.144444444444444,0.855555555555556,"2021_raked","A_8","A",8,"L",0.162393162393163,0.769230769230769,0.0683760683760683,0,0,5,0.739687327829876,2,0.376770161256437,2,0.206192050633232,0.0777777777777778,0.2,1,0,0,0,0,0,0.0111111111111111,0.0111111111111111,0,0,0,0,0,0,0,0,0,0,0,0,0.211111111111111,1,0.0888888888888889,0,0,0
"A_8_U","2021","unraked",0.0888888888888889,0.911111111111111,"2021_unraked","A_8","A",8,"U",0.253968253968254,0.706349206349206,0.0396825396825397,0,0,4,0.79762286619092,1,0,1,0,0.0555555555555556,0.355555555555556,0.966666666666667,0,0.0222222222222222,0,0,0,0,0,0,0,0,0,0,0,0,0,0,0,0,0,0.355555555555556,0.977777777777778,0.0555555555555556,0,0,0
"A_9_L","2021","unraked",0.0555555555555556,0.944444444444444,"2021_unraked","A_9","A",9,"L",0.173076923076923,0.807692307692308,0.0192307692307692,0,0,4,0.589203088440276,1,0,2,0.214559155176405,0.0222222222222222,0.188888888888889,0.933333333333333,0,0,0,0,0,0,0.0111111111111111,0,0,0,0,0,0,0,0,0,0,0,0,0.2,0.933333333333333,0.0222222222222222,0,0,0
"A_9_U","2021","raked",0.0555555555555556,0.944444444444444,"2021_raked","A_9","A",9,"U",0.112068965517241,0.836206896551724,0.0517241379310345,0,0,4,0.806387093412602,1,0,1,0,0.0666666666666667,0.144444444444444,0.977777777777778,0,0.1,0,0,0,0,0,0,0,0,0,0,0,0,0,0,0,0,0,0.144444444444444,1,0.0666666666666667,0,0,0
"A_10_L","2021","raked",0,1,"2021_raked","A_10","A",10,"L",0.04,0.91,0.05,0,0,4,0.419417812624352,1,0,1,0,0.0555555555555556,0.0444444444444444,1,0.0111111111111111,0,0,0,0,0,0,0,0,0,0,0,0,0,0,0,0,0,0,0.0444444444444444,1,0.0555555555555556,0,0,0
"A_10_U","2021","unraked",0.0111111111111111,0.988888888888889,"2021_unraked","A_10","A",10,"U",0.0106382978723404,0.957446808510638,0.0319148936170213,0,0,3,0.199904280187789,1,0,1,0,0.0333333333333333,0.0111111111111111,1,0,0,0,0,0,0,0,0,0,0,0,0,0,0,0,0,0,0,0,0.0111111111111111,1,0.0333333333333333,0,0,0
"C_1_L","2021","unraked",0.0555555555555556,0.944444444444444,"2021_unraked","C_1","C",1,"L",0.0333333333333333,0.955555555555556,0.0111111111111111,0,0,3,0.206812955399087,1,0,1,0,0.0111111111111111,0.0333333333333333,0.955555555555556,0,0,0,0,0,0,0,0,0,0,0,0,0,0,0,0,0,0,0,0.0333333333333333,0.955555555555556,0.0111111111111111,0,0,0
"C_1_U","2021","raked",0.177777777777778,0.822222222222222,"2021_raked","C_1","C",1,"U",0.0091743119266055,0.954128440366973,0.036697247706422,0,0,5,0.709927197077637,1,0,1,0,0.0444444444444444,0.0111111111111111,0.977777777777778,0.0555555555555556,0.122222222222222,0,0,0,0,0,0,0,0,0,0,0,0,0,0,0,0,0,0.0111111111111111,0.988888888888889,0.0444444444444444,0,0,0
"C_2_L","2021","raked",0.0444444444444444,0.955555555555556,"2021_raked","C_2","C",2,"L",0.0102040816326531,0.969387755102041,0.0204081632653062,0,0,6,0.395905766688905,2,0.693147180559945,1,0,0.0111111111111111,0.0111111111111111,1,0.0444444444444444,0.0111111111111111,0,0,0,0.0111111111111111,0,0,0,0,0,0,0,0,0,0,0,0,0,0.0111111111111111,1,0.0222222222222222,0,0,0
"C_2_U","2021","unraked",0.155555555555556,0.833333333333333,"2021_unraked","C_2","C",2,"U",0,0.990196078431373,0.00980392156862745,0,0,4,0.564231063475532,1,0,0,0,0,0,0.933333333333333,0.166666666666667,0.0222222222222222,0.0111111111111111,0,0,0,0,0,0,0,0,0,0,0,0,0,0,0,0,0,0.933333333333333,0.0111111111111111,0,0,0
"C_3_L","2021","unraked",0.0222222222222222,0.977777777777778,"2021_unraked","C_3","C",3,"L",0.0297029702970297,0.900990099009901,0.0693069306930693,0,0,4,0.437892019424276,1,0,1,0,0.0777777777777778,0.0333333333333333,1,0.0111111111111111,0,0,0,0,0,0,0,0,0,0,0,0,0,0,0,0,0,0,0.0333333333333333,1,0.0777777777777778,0,0,0
"C_3_U","2021","raked",0.0333333333333333,0.966666666666667,"2021_raked","C_3","C",3,"U",0.03,0.95,0.02,0,0,6,0.496853552644739,2,0.693147180559945,1,0,0.0111111111111111,0.0333333333333333,0.988888888888889,0.0555555555555556,0.0111111111111111,0,0,0,0.0111111111111111,0,0,0,0,0,0,0,0,0,0,0,0,0,0.0333333333333333,0.988888888888889,0.0222222222222222,0,0,0
"C_4_L","2021","raked",0.177777777777778,0.822222222222222,"2021_raked","C_4","C",4,"L",0.010989010989011,0.989010989010989,0,0,0,2,0.0604982941023022,0,0,1,0,0,0.0111111111111111,1,0,0,0,0,0,0,0,0,0,0,0,0,0,0,0,0,0,0,0,0.0111111111111111,1,0,0,0,0
"C_4_U","2021","unraked",0.155555555555556,0.844444444444444,"2021_unraked","C_4","C",4,"U",0.0515463917525773,0.948453608247422,0,0,0,3,0.403284324407612,0,0,1,0,0,0.0555555555555556,0.966666666666667,0,0.0555555555555556,0,0,0,0,0,0,0,0,0,0,0,0,0,0,0,0,0,0.0555555555555556,0.966666666666667,0,0,0,0
"C_5_L","2021","unraked",0.111111111111111,0.888888888888889,"2021_unraked","C_5","C",5,"L",0.0108695652173913,0.978260869565217,0.0108695652173913,0,0,3,0.119800856073781,1,0,1,0,0.0111111111111111,0.0111111111111111,1,0,0,0,0,0,0,0,0,0,0,0,0,0,0,0,0,0,0,0,0.0111111111111111,1,0.0111111111111111,0,0,0
"C_5_U","2021","raked",0.111111111111111,0.888888888888889,"2021_raked","C_5","C",5,"U",0,0.956043956043956,0.043956043956044,0,0,3,0.284960291052275,1,0,0,0,0.0444444444444444,0,0.944444444444444,0,0.0222222222222222,0,0,0,0,0,0,0,0,0,0,0,0,0,0,0,0,0,0,0.955555555555556,0.0444444444444444,0,0,0
"C_6_L","2021","raked",0.0888888888888889,0.911111111111111,"2021_raked","C_6","C",6,"L",0.0212765957446809,0.936170212765957,0.0425531914893617,0,0,4,0.301935517363553,2,0.562335144618808,1,0,0.0333333333333333,0.0222222222222222,0.977777777777778,0,0,0,0,0,0.0111111111111111,0,0,0,0,0,0,0,0,0,0,0,0,0,0.0222222222222222,0.977777777777778,0.0444444444444444,0,0,0
"C_6_U","2021","unraked",0.0111111111111111,0.988888888888889,"2021_unraked","C_6","C",6,"U",0.0108695652173913,0.978260869565217,0.0108695652173913,0,0,3,0.119800856073781,1,0,1,0,0.0111111111111111,0.0111111111111111,1,0,0,0,0,0,0,0,0,0,0,0,0,0,0,0,0,0,0,0,0.0111111111111111,1,0.0111111111111111,0,0,0
"C_7_L","2021","unraked",0.166666666666667,0.833333333333333,"2021_unraked","C_7","C",7,"L",0.0108695652173913,0.989130434782608,0,0,0,3,0.119800856073781,0,0,1,0,0,0.0111111111111111,1,0,0.0111111111111111,0,0,0,0,0,0,0,0,0,0,0,0,0,0,0,0,0,0.0111111111111111,1,0,0,0,0
"C_7_U","2021","raked",0.0666666666666667,0.933333333333333,"2021_raked","C_7","C",7,"U",0.0212765957446809,0.968085106382978,0.0106382978723404,0,0,4,0.220218562154645,1,0,1,0,0.0111111111111111,0.0222222222222222,1,0,0.0111111111111111,0,0,0,0,0,0,0,0,0,0,0,0,0,0,0,0,0,0.0222222222222222,1,0.0111111111111111,0,0,0
"C_8_L","2021","raked",0.0888888888888889,0.911111111111111,"2021_raked","C_8","C",8,"L",0.0108695652173913,0.978260869565217,0.0108695652173913,0,0,3,0.119800856073781,1,0,1,0,0.0111111111111111,0.0111111111111111,1,0,0,0,0,0,0,0,0,0,0,0,0,0,0,0,0,0,0,0,0.0111111111111111,1,0.0111111111111111,0,0,0
"C_8_U","2021","unraked",0.111111111111111,0.888888888888889,"2021_unraked","C_8","C",8,"U",0,0.967741935483871,0.032258064516129,0,0,3,0.163038582499022,2,0.636514168294813,0,0,0.0222222222222222,0,1,0,0,0,0,0,0,0,0,0.0111111111111111,0,0,0,0,0,0,0,0,0,0,0,1,0.0333333333333333,0,0,0
"C_9_L","2021","unraked",0.111111111111111,0.888888888888889,"2021_unraked","C_9","C",9,"L",0.0112359550561798,0.98876404494382,0,0,0,2,0.0616067104727897,0,0,1,0,0,0.0111111111111111,0.977777777777778,0,0,0,0,0,0,0,0,0,0,0,0,0,0,0,0,0,0,0,0.0111111111111111,0.977777777777778,0,0,0,0
"C_9_U","2021","raked",0.133333333333333,0.866666666666667,"2021_raked","C_9","C",9,"U",0.0309278350515464,0.88659793814433,0.0824742268041237,0,0,3,0.420017816882304,1,0,1,0,0.0888888888888889,0.0333333333333333,0.955555555555556,0,0,0,0,0,0,0,0,0,0,0,0,0,0,0,0,0,0,0,0.0333333333333333,0.955555555555556,0.0888888888888889,0,0,0
"C_10_L","2021","raked",0.266666666666667,0.733333333333333,"2021_raked","C_10","C",10,"L",0.0204081632653061,0.86734693877551,0.112244897959184,0,0,3,0.448350140266707,1,0,1,0,0.122222222222222,0.0222222222222222,0.944444444444444,0,0,0,0,0,0,0,0,0,0,0,0,0,0,0,0,0,0,0,0.0222222222222222,0.944444444444444,0.122222222222222,0,0,0
"C_10_U","2021","unraked",0.1,0.9,"2021_unraked","C_10","C",10,"U",0.010989010989011,0.978021978021978,0.010989010989011,0,0,3,0.120874485570032,1,0,1,0,0.0111111111111111,0.0111111111111111,0.988888888888889,0,0,0,0,0,0,0,0,0,0,0,0,0,0,0,0,0,0,0,0.0111111111111111,0.988888888888889,0.0111111111111111,0,0,0
"E_1_L","2021","unraked",0.0111111111111111,0.988888888888889,"2021_unraked","E_1","E",1,"L",0,1,0,0,0,1,0,0,0,0,0,0,0,1,0,0,0,0,0,0,0,0,0,0,0,0,0,0,0,0,0,0,0,0,1,0,0,0,0
"E_1_U","2021","raked",0,1,"2021_raked","E_1","E",1,"U",0,1,0,0,0,1,0,0,0,0,0,0,0,1,0,0,0,0,0,0,0,0,0,0,0,0,0,0,0,0,0,0,0,0,1,0,0,0,0
"E_2_L","2021","raked",0,1,"2021_raked","E_2","E",2,"L",0.021505376344086,0.967741935483871,0.010752688172043,0,0,3,0.163038582499022,1,0,1,0,0.0111111111111111,0.0222222222222222,1,0,0,0,0,0,0,0,0,0,0,0,0,0,0,0,0,0,0,0,0.0222222222222222,1,0.0111111111111111,0,0,0
"E_2_U","2021","unraked",0.0444444444444444,0.955555555555556,"2021_unraked","E_2","E",2,"U",0,1,0,0,0,1,0,0,0,0,0,0,0,1,0,0,0,0,0,0,0,0,0,0,0,0,0,0,0,0,0,0,0,0,1,0,0,0,0
"E_3_L","2021","unraked",0.0333333333333333,0.966666666666667,"2021_unraked","E_3","E",3,"L",0,0.989010989010989,0.010989010989011,0,0,2,0.0604982941023022,1,0,0,0,0,0,1,0,0,0,0,0,0,0,0,0,0.0111111111111111,0,0,0,0,0,0,0,0,0,0,1,0.0111111111111111,0,0,0
"E_3_U","2021","raked",0,1,"2021_raked","E_3","E",3,"U",0.0105263157894737,0.936842105263158,0.0526315789473684,0,0,3,0.264026086670741,1,0,1,0,0.0555555555555556,0.0111111111111111,0.988888888888889,0,0,0,0,0,0,0,0,0,0,0,0,0,0,0,0,0,0,0,0.0111111111111111,0.988888888888889,0.0555555555555556,0,0,0
"E_4_L","2021","raked",0,0.666666666666667,"2021_raked","E_4","E",4,"L",0,0.989010989010989,0.010989010989011,0,0,2,0.0604982941023022,1,0,0,0,0.0111111111111111,0,1,0,0,0,0,0,0,0,0,0,0,0,0,0,0,0,0,0,0,0,0,1,0.0111111111111111,0,0,0
"E_4_U","2021","unraked",0.0555555555555556,0.933333333333333,"2021_unraked","E_4","E",4,"U",0.0113636363636364,0.965909090909091,0.0227272727272727,0,0,3,0.170386233082789,1,0,1,0,0.0222222222222222,0.0111111111111111,0.944444444444444,0,0,0,0,0,0,0,0,0,0,0,0,0,0,0,0,0,0,0,0.0111111111111111,0.944444444444444,0.0222222222222222,0,0,0
"E_5_L","2021","unraked",0.0111111111111111,0.988888888888889,"2021_unraked","E_5","E",5,"L",0.021505376344086,0.956989247311828,0.021505376344086,0,0,3,0.207209970267232,1,0,1,0,0.0222222222222222,0.0222222222222222,0.988888888888889,0,0,0,0,0,0,0,0,0,0,0,0,0,0,0,0,0,0,0,0.0222222222222222,0.988888888888889,0.0222222222222222,0,0,0
"E_5_U","2021","raked",0.222222222222222,0.777777777777778,"2021_raked","E_5","E",5,"U",0.0123456790123457,0.938271604938272,0.0493827160493827,0,0,4,0.290355688897556,2,0.562335144618808,1,0,0.0333333333333333,0.0111111111111111,0.844444444444444,0,0,0,0,0,0,0,0.0111111111111111,0,0,0,0,0,0,0,0,0,0,0,0.0111111111111111,0.844444444444444,0.0444444444444444,0,0,0
"E_6_L","2021","raked",0.0555555555555556,0.944444444444444,"2021_raked","E_6","E",6,"L",0,0.923076923076923,0.0769230769230769,0,0,3,0.317210110625325,2,0.598269588585258,0,0,0.0555555555555556,0,0.933333333333333,0,0,0,0,0,0,0,0,0,0.0222222222222222,0,0,0,0,0,0,0,0,0,0,0.933333333333333,0.0777777777777778,0,0,0
"E_6_U","2021","unraked",0.3,0.7,"2021_unraked","E_6","E",6,"U",0.0113636363636364,0.977272727272727,0.0113636363636364,0,0,3,0.124224684048642,1,0,1,0,0.0111111111111111,0.0111111111111111,0.955555555555556,0,0,0,0,0,0,0,0,0,0,0,0,0,0,0,0,0,0,0,0.0111111111111111,0.955555555555556,0.0111111111111111,0,0,0
"E_7_L","2021","unraked",0,1,"2021_unraked","E_7","E",7,"L",0,1,0,0,0,1,0,0,0,0,0,0,0,0.933333333333333,0,0,0,0,0,0,0,0,0,0,0,0,0,0,0,0,0,0,0,0,0.933333333333333,0,0,0,0
"E_7_U","2021","raked",0.0111111111111111,0.988888888888889,"2021_raked","E_7","E",7,"U",0,1,0,0,0,1,0,0,0,0,0,0,0,0.988888888888889,0,0,0,0,0,0,0,0,0,0,0,0,0,0,0,0,0,0,0,0,0.988888888888889,0,0,0,0
"E_8_L","2021","raked",0,1,"2021_raked","E_8","E",8,"L",0,0.967741935483871,0.032258064516129,0,0,2,0.142505867392738,1,0,0,0,0.0333333333333333,0,1,0,0,0,0,0,0,0,0,0,0,0,0,0,0,0,0,0,0,0,0,1,0.0333333333333333,0,0,0
"E_8_U","2021","unraked",0,1,"2021_unraked","E_8","E",8,"U",0,1,0,0,0,1,0,0,0,0,0,0,0,0.988888888888889,0,0,0,0,0,0,0,0,0,0,0,0,0,0,0,0,0,0,0,0,0.988888888888889,0,0,0,0
"E_9_L","2021","unraked",0.0222222222222222,0.977777777777778,"2021_unraked","E_9","E",9,"L",0,0.977777777777778,0.0222222222222222,0,0,2,0.10656595882802,1,0,0,0,0.0222222222222222,0,0.977777777777778,0,0,0,0,0,0,0,0,0,0,0,0,0,0,0,0,0,0,0,0,0.977777777777778,0.0222222222222222,0,0,0
"E_9_U","2021","raked",0,1,"2021_raked","E_9","E",9,"U",0,0.989010989010989,0.010989010989011,0,0,2,0.0604982941023022,1,0,0,0,0.0111111111111111,0,1,0,0,0,0,0,0,0,0,0,0,0,0,0,0,0,0,0,0,0,0,1,0.0111111111111111,0,0,0
"E_10_L","2021","raked",0,1,"2021_raked","E_10","E",10,"L",0.010989010989011,0.989010989010989,0,0,0,2,0.0604982941023022,0,0,1,0,0,0.0111111111111111,1,0,0,0,0,0,0,0,0,0,0,0,0,0,0,0,0,0,0,0,0.0111111111111111,1,0,0,0,0
"E_10_U","2021","unraked",0.133333333333333,0.866666666666667,"2021_unraked","E_10","E",10,"U",0.0425531914893617,0.925531914893617,0.0319148936170213,0,0,3,0.315900945744124,1,0,1,0,0.0333333333333333,0.0444444444444444,0.966666666666667,0,0,0,0,0,0,0,0,0,0,0,0,0,0,0,0,0,0,0,0.0444444444444444,0.966666666666667,0.0333333333333333,0,0,0
"G_1_L","2021","unraked",0.0333333333333333,0.966666666666667,"2021_unraked","G_1","G",1,"L",0.010989010989011,0.989010989010989,0,0,0,2,0.0604982941023022,0,0,1,0,0,0.0111111111111111,1,0,0,0,0,0,0,0,0,0,0,0,0,0,0,0,0,0,0,0,0.0111111111111111,1,0,0,0,0
"G_1_U","2021","raked",0.0222222222222222,0.977777777777778,"2021_raked","G_1","G",1,"U",0.010752688172043,0.978494623655914,0.010752688172043,0,0,4,0.177944973478806,1,0,1,0,0,0,1,0,0.0111111111111111,0.0111111111111111,0,0.0111111111111111,0,0,0,0,0,0,0,0,0,0,0,0,0,0,0.0111111111111111,1,0.0111111111111111,0,0,0
"G_2_L","2021","raked",0.0222222222222222,0.977777777777778,"2021_raked","G_2","G",2,"L",0,1,0,0,0,1,0,0,0,0,0,0,0,1,0,0,0,0,0,0,0,0,0,0,0,0,0,0,0,0,0,0,0,0,1,0,0,0,0
"G_2_U","2021","unraked",0.0333333333333333,0.966666666666667,"2021_unraked","G_2","G",2,"U",0,1,0,0,0,1,0,0,0,0,0,0,0,0.988888888888889,0,0,0,0,0,0,0,0,0,0,0,0,0,0,0,0,0,0,0,0,0.988888888888889,0,0,0,0
"G_3_L","2021","unraked",0.0555555555555556,0.944444444444444,"2021_unraked","G_3","G",3,"L",0.0108695652173913,0.978260869565217,0.0108695652173913,0,0,3,0.119800856073781,1,0,1,0,0.0111111111111111,0.0111111111111111,1,0,0,0,0,0,0,0,0,0,0,0,0,0,0,0,0,0,0,0,0.0111111111111111,1,0.0111111111111111,0,0,0
"G_3_U","2021","raked",0.0111111111111111,0.988888888888889,"2021_raked","G_3","G",3,"U",0,1,0,0,0,1,0,0,0,0,0,0,0,1,0,0,0,0,0,0,0,0,0,0,0,0,0,0,0,0,0,0,0,0,1,0,0,0,0
"G_4_L","2021","raked",0.0777777777777778,0.922222222222222,"2021_raked","G_4","G",4,"L",0.010989010989011,0.989010989010989,0,0,0,2,0.0604982941023022,0,0,1,0,0,0.0111111111111111,1,0,0,0,0,0,0,0,0,0,0,0,0,0,0,0,0,0,0,0,0.0111111111111111,1,0,0,0,0
"G_4_U","2021","unraked",0.0222222222222222,0.977777777777778,"2021_unraked","G_4","G",4,"U",0.0891089108910891,0.891089108910891,0.0198019801980198,0,0,3,0.395871151624728,1,0,1,0,0.0222222222222222,0.1,1,0,0,0,0,0,0,0,0,0,0,0,0,0,0,0,0,0,0,0,0.1,1,0.0222222222222222,0,0,0
"G_5_L","2021","unraked",0.0111111111111111,0.988888888888889,"2021_unraked","G_5","G",5,"L",0.010989010989011,0.989010989010989,0,0,0,2,0.0604982941023022,0,0,1,0,0,0.0111111111111111,1,0,0,0,0,0,0,0,0,0,0,0,0,0,0,0,0,0,0,0,0.0111111111111111,1,0,0,0,0
"G_5_U","2021","raked",0.0555555555555556,0.944444444444444,"2021_raked","G_5","G",5,"U",0.0520833333333333,0.9375,0.0104166666666667,0,0,3,0.261951734260603,1,0,1,0,0.0111111111111111,0.0555555555555556,1,0,0,0,0,0,0,0,0,0,0,0,0,0,0,0,0,0,0,0,0.0555555555555556,1,0.0111111111111111,0,0,0
"G_6_L","2021","raked",0.111111111111111,0.888888888888889,"2021_raked","G_6","G",6,"L",0.0421052631578948,0.947368421052632,0.0105263157894737,0,0,4,0.256206289540244,1,0,2,0.562335144618808,0.0111111111111111,0.0333333333333333,1,0,0,0,0.0111111111111111,0,0,0,0,0,0,0,0,0,0,0,0,0,0,0,0.0444444444444444,1,0.0111111111111111,0,0,0
"G_6_U","2021","unraked",0,1,"2021_unraked","G_6","G",6,"U",0,1,0,0,0,1,0,0,0,0,0,0,0,1,0,0,0,0,0,0,0,0,0,0,0,0,0,0,0,0,0,0,0,0,1,0,0,0,0
"G_7_L","2021","unraked",0.333333333333333,0.666666666666667,"2021_unraked","G_7","G",7,"L",0.0315789473684211,0.957894736842106,0.0105263157894737,0,0,5,0.276306736960081,1,0,2,0.636514168294813,0.0111111111111111,0.0222222222222222,1,0.0111111111111111,0,0,0.0111111111111111,0,0,0,0,0,0,0,0,0,0,0,0,0,0,0,0.0333333333333333,1,0.0111111111111111,0,0,0
"G_7_U","2021","raked",0.288888888888889,0.711111111111111,"2021_raked","G_7","G",7,"U",0.0319148936170213,0.893617021276596,0.074468085106383,0,0,4,0.424185457723776,1,0,2,0.636514168294813,0.0777777777777778,0.0222222222222222,0.933333333333333,0,0,0,0,0.0111111111111111,0,0,0,0,0,0,0,0,0,0,0,0,0,0,0.0333333333333333,0.933333333333333,0.0777777777777778,0,0,0
"G_8_L","2021","raked",0.0333333333333333,0.966666666666667,"2021_raked","G_8","G",8,"L",0,1,0,0,0,1,0,0,0,0,0,0,0,1,0,0,0,0,0,0,0,0,0,0,0,0,0,0,0,0,0,0,0,0,1,0,0,0,0
"G_8_U","2021","unraked",0,1,"2021_unraked","G_8","G",8,"U",0,0.989010989010989,0.010989010989011,0,0,2,0.0604982941023022,1,0,0,0,0.0111111111111111,0,1,0,0,0,0,0,0,0,0,0,0,0,0,0,0,0,0,0,0,0,0,1,0.0111111111111111,0,0,0
"G_9_L","2021","unraked",0.0444444444444444,0.955555555555556,"2021_unraked","G_9","G",9,"L",0,0.989010989010989,0.010989010989011,0,0,2,0.0604982941023022,1,0,0,0,0.0111111111111111,0,1,0,0,0,0,0,0,0,0,0,0,0,0,0,0,0,0,0,0,0,0,1,0.0111111111111111,0,0,0
"G_9_U","2021","raked",0,1,"2021_raked","G_9","G",9,"U",0,1,0,0,0,1,0,0,0,0,0,0,0,1,0,0,0,0,0,0,0,0,0,0,0,0,0,0,0,0,0,0,0,0,1,0,0,0,0
"G_10_L","2021","raked",0,1,"2021_raked","G_10","G",10,"L",0.0108695652173913,0.978260869565217,0.0108695652173913,0,0,3,0.119800856073781,1,0,1,0,0.0111111111111111,0.0111111111111111,1,0,0,0,0,0,0,0,0,0,0,0,0,0,0,0,0,0,0,0,0.0111111111111111,1,0.0111111111111111,0,0,0
"G_10_U","2021","unraked",0,1,"2021_unraked","G_10","G",10,"U",0,0.989010989010989,0.010989010989011,0,0,2,0.0604982941023022,1,0,0,0,0.0111111111111111,0,1,0,0,0,0,0,0,0,0,0,0,0,0,0,0,0,0,0,0,0,0,1,0.0111111111111111,0,0,0
"A_1_L","2022","unraked",0.144444444444444,0.855555555555556,"2022_unraked","A_1","A",1,"L",0.0285714285714286,0.9,0.0714285714285714,0,0,5,1.014757208927,1,0,2,0.693147180559945,0.0555555555555556,0.0111111111111111,0.411111111111111,0,0.288888888888889,0,0,0.0111111111111111,0,0,0,0,0,0,0,0,0,0,0,0,0,0,0.0222222222222222,0.677777777777778,0.0555555555555556,0,0,0
"A_1_U","2022","raked",0.433333333333333,0.566666666666667,"2022_raked","A_1","A",1,"U",0.0561797752808989,0.932584269662921,0.0112359550561798,0,0,5,0.854322643581644,1,0,1,0,0.0111111111111111,0.0555555555555556,0.733333333333333,0.0444444444444444,0.144444444444444,0,0,0,0,0,0,0,0,0,0,0,0,0,0,0,0,0,0.0555555555555556,0.811111111111111,0.0111111111111111,0,0,1
"A_2_L","2022","raked",0.355555555555556,0.644444444444444,"2022_raked","A_2","A",2,"L",0.0505050505050505,0.828282828282829,0.121212121212121,0,0,10,1.35160945377485,5,1.23426786607908,2,0.500402423538188,0.0777777777777778,0.0444444444444444,0.511111111111111,0.0111111111111111,0.388888888888889,0.0111111111111111,0,0.0111111111111111,0.0222222222222222,0,0,0,0,0.0111111111111111,0.0111111111111111,0,0,0,0,0,0,0,0.0555555555555556,0.788888888888889,0.111111111111111,0,0,1
"A_2_U","2022","unraked",0.111111111111111,0.888888888888889,"2022_unraked","A_2","A",2,"U",0.0120481927710843,0.879518072289156,0.108433734939759,0,0,6,0.858072955553527,2,0.348832095843032,1,0,0.0888888888888889,0.0111111111111111,0.688888888888889,0.0111111111111111,0.111111111111111,0,0,0,0,0,0,0,0,0,0,0.0111111111111111,0,0,0,0,0,0,0.0111111111111111,0.8,0.1,0,0,0
"A_3_L","2022","unraked",0.122222222222222,0.855555555555556,"2022_unraked","A_3","A",3,"L",0.0125,0.975,0.0125,0,0,4,0.810054029697476,1,0,1,0,0.0111111111111111,0.0111111111111111,0.433333333333333,0,0.433333333333333,0,0,0,0,0,0,0,0,0,0,0,0,0,0,0,0,0,0.0111111111111111,0.733333333333333,0.0111111111111111,0,0,0
"A_3_U","2022","raked",0.266666666666667,0.733333333333333,"2022_raked","A_3","A",3,"U",0.0909090909090909,0.836363636363636,0.0727272727272727,0,0,6,1.20425259909573,2,0.562335144618808,2,0.500402423538188,0.0333333333333333,0.0444444444444444,0.2,0,0.311111111111111,0.0111111111111111,0,0.0111111111111111,0,0,0,0,0,0,0,0,0,0,0,0,0,0,0.0555555555555556,0.488888888888889,0.0444444444444444,0,0,1
"A_4_L","2022","raked",0.322222222222222,0.677777777777778,"2022_raked","A_4","A",4,"L",0.0533333333333333,0.933333333333333,0.0133333333333333,0,0,4,0.551298092271418,1,0,1,0,0.0111111111111111,0.0444444444444444,0.711111111111111,0,0.0666666666666667,0,0,0,0,0,0,0,0,0,0,0,0,0,0,0,0,0,0.0444444444444444,0.766666666666667,0.0111111111111111,0,0,1
"A_4_U","2022","unraked",0.188888888888889,0.811111111111111,"2022_unraked","A_4","A",4,"U",0.0235294117647059,0.917647058823529,0.0588235294117647,0,0,4,0.799389664114757,1,0,1,0,0.0555555555555556,0.0222222222222222,0.688888888888889,0,0.177777777777778,0,0,0,0,0,0,0,0,0,0,0,0,0,0,0,0,0,0.0222222222222222,0.811111111111111,0.0555555555555556,0,0,0
"A_5_L","2022","unraked",0.0777777777777778,0.922222222222222,"2022_unraked","A_5","A",5,"L",0.0449438202247191,0.887640449438202,0.0674157303370786,0,0,3,0.427039576420425,1,0,1,0,0.0666666666666667,0.0444444444444444,0.877777777777778,0,0,0,0,0,0,0,0,0,0,0,0,0,0,0,0,0,0,0,0.0444444444444444,0.877777777777778,0.0666666666666667,0,0,0
"A_5_U","2022","raked",0.288888888888889,0.711111111111111,"2022_raked","A_5","A",5,"U",0.14516129032258,0.806451612903226,0.0483870967741935,0,0,6,0.817041327315136,2,0.636514168294813,2,0.348832095843032,0.0222222222222222,0.0888888888888889,0.533333333333333,0,0.0222222222222222,0,0,0.0111111111111111,0.0111111111111111,0,0,0,0,0,0,0,0,0,0,0,0,0,0.1,0.555555555555556,0.0333333333333333,0,0,1
"A_6_L","2022","raked",0.333333333333333,0.666666666666667,"2022_raked","A_6","A",6,"L",0.113924050632911,0.772151898734177,0.113924050632911,0,0,5,0.791281041238082,3,0.848685557726417,1,0,0.0666666666666667,0.1,0.677777777777778,0,0,0,0,0,0.0111111111111111,0,0.0222222222222222,0,0,0,0,0,0,0,0,0,0,0,0.1,0.677777777777778,0.0888888888888889,0,0,1
"A_6_U","2022","unraked",0.0222222222222222,0.977777777777778,"2022_unraked","A_6","A",6,"U",0.0138888888888889,0.944444444444444,0.0416666666666667,0,0,4,0.272321420223067,2,0.636514168294813,1,0,0.0222222222222222,0.0111111111111111,0.755555555555556,0,0,0,0,0,0.0111111111111111,0,0,0,0,0,0,0,0,0,0,0,0,0,0.0111111111111111,0.755555555555556,0.0333333333333333,0,0,0
"A_7_L","2022","unraked",0.0666666666666667,0.933333333333333,"2022_unraked","A_7","A",7,"L",0.0131578947368421,0.855263157894737,0.131578947368421,0,0,3,0.457561978797425,1,0,1,0,0.111111111111111,0.0111111111111111,0.722222222222222,0,0,0,0,0,0,0,0,0,0,0,0,0,0,0,0,0,0,0,0.0111111111111111,0.722222222222222,0.111111111111111,0,0,0
"A_8_L","2022","raked",0.522222222222222,0.477777777777778,"2022_raked","A_8","A",8,"L",0.0804597701149425,0.758620689655172,0.160919540229885,0,0,3,0.706305973462114,1,0,1,0,0.155555555555556,0.0777777777777778,0.733333333333333,0,0,0,0,0,0,0,0,0,0,0,0,0,0,0,0,0,0,0,0.0777777777777778,0.733333333333333,0.155555555555556,0,0,1
"A_8_U","2022","unraked",0.0666666666666667,0.933333333333333,"2022_unraked","A_8","A",8,"U",0.129032258064516,0.838709677419355,0.032258064516129,0,0,3,0.522513416322627,1,0,1,0,0.0333333333333333,0.133333333333333,0.866666666666667,0,0,0,0,0,0,0,0,0,0,0,0,0,0,0,0,0,0,0,0.133333333333333,0.866666666666667,0.0333333333333333,0,0,0
"A_9_L","2022","unraked",0.133333333333333,0.866666666666667,"2022_unraked","A_9","A",9,"L",0.0235294117647059,0.964705882352941,0.0117647058823529,0,0,3,0.175153931351626,1,0,1,0,0.0111111111111111,0.0222222222222222,0.911111111111111,0,0,0,0,0,0,0,0,0,0,0,0,0,0,0,0,0,0,0,0.0222222222222222,0.911111111111111,0.0111111111111111,0,0,0
"A_9_U","2022","raked",1,0,"2022_raked","A_9","A",9,"U",0.0964912280701754,0.68421052631579,0.219298245614035,0,0,4,0.854852585140803,2,0.167944147734173,1,0,0.266666666666667,0.122222222222222,0.866666666666667,0,0,0.0111111111111111,0,0,0,0,0,0,0,0,0,0,0,0,0,0,0,0,0.122222222222222,0.866666666666667,0.277777777777778,0,0,1
"A_10_L","2022","raked",0.611111111111111,0.388888888888889,"2022_raked","A_10","A",10,"L",0.160919540229885,0.71264367816092,0.126436781609195,0,0,3,0.796873837181119,1,0,1,0,0.122222222222222,0.155555555555556,0.688888888888889,0,0,0,0,0,0,0,0,0,0,0,0,0,0,0,0,0,0,0,0.155555555555556,0.688888888888889,0.122222222222222,0,0,1
"A_10_U","2022","unraked",0.0222222222222222,0.977777777777778,"2022_unraked","A_10","A",10,"U",0,0.956043956043956,0.043956043956044,0,0,2,0.180319025556099,1,0,0,0,0.0444444444444444,0,0.966666666666667,0,0,0,0,0,0,0,0,0,0,0,0,0,0,0,0,0,0,0,0,0.966666666666667,0.0444444444444444,0,0,0
"C_1_L","2022","unraked",0.0888888888888889,0.911111111111111,"2022_unraked","C_1","C",1,"L",0.0117647058823529,0.976470588235294,0.0117647058823529,0,0,4,0.191463276776566,1,0,1,0,0.0111111111111111,0.0111111111111111,0.911111111111111,0,0.0111111111111111,0,0,0,0,0,0,0,0,0,0,0,0,0,0,0,0,0,0.0111111111111111,0.922222222222222,0.0111111111111111,0,0,0
"C_1_U","2022","raked",0.822222222222222,0.177777777777778,"2022_raked","C_1","C",1,"U",0.0563380281690141,0.901408450704225,0.0422535211267605,0,0,6,0.561077008331525,2,0.636514168294813,1,0,0.0222222222222222,0.0444444444444444,0.688888888888889,0.0111111111111111,0.0111111111111111,0.0111111111111111,0,0,0,0,0,0,0,0,0,0,0,0,0,0,0,0,0.0444444444444444,0.7,0.0333333333333333,0,0,1
"C_2_L","2022","raked",0.333333333333333,0.666666666666667,"2022_raked","C_2","C",2,"L",0.0609756097560976,0.890243902439025,0.048780487804878,0,0,5,0.513268186321194,2,0.562335144618808,1,0,0.0333333333333333,0.0555555555555556,0.8,0.0111111111111111,0,0,0,0,0.0111111111111111,0,0,0,0,0,0,0,0,0,0,0,0,0,0.0555555555555556,0.811111111111111,0.0444444444444444,0,0,1
"C_2_U","2022","unraked",0.2,0.8,"2022_unraked","C_2","C",2,"U",0.0315789473684211,0.789473684210527,0.178947368421053,0,0,6,0.804185403957747,3,0.808269958000182,1,0,0.122222222222222,0.0333333333333333,0.822222222222222,0.0111111111111111,0,0.0111111111111111,0,0,0.0555555555555556,0,0,0,0,0,0,0,0,0,0,0,0,0,0.0333333333333333,0.833333333333333,0.177777777777778,0,0,0
"C_3_L","2022","unraked",0,1,"2022_unraked","C_3","C",3,"L",0.0404040404040404,0.858585858585859,0.101010101010101,0,0,6,0.579395345072772,3,0.639031859650177,2,0.562335144618808,0.0888888888888889,0.0333333333333333,0.944444444444444,0,0,0.0111111111111111,0,0.0111111111111111,0.0111111111111111,0,0,0,0,0,0,0,0,0,0,0,0,0,0.0444444444444444,0.944444444444444,0.111111111111111,0,0,0
"C_3_U","2022","raked",0.844444444444444,0.155555555555556,"2022_raked","C_3","C",3,"U",0.175675675675675,0.77027027027027,0.054054054054054,0,0,7,0.926954964298074,3,1.03972077083992,2,0.271189373041844,0.0111111111111111,0.133333333333333,0.6,0.0333333333333333,0,0.0111111111111111,0,0.0111111111111111,0.0222222222222222,0,0,0,0,0,0,0,0,0,0,0,0,0,0.133333333333333,0.611111111111111,0.0444444444444444,0,0,1
"C_4_L","2022","raked",0.911111111111111,0.0888888888888889,"2022_raked","C_4","C",4,"L",0.178571428571429,0.678571428571429,0.142857142857143,0,0,4,0.929084259020304,2,0.562335144618808,1,0,0.133333333333333,0.222222222222222,0.844444444444444,0,0,0,0,0,0.0444444444444444,0,0,0,0,0,0,0,0,0,0,0,0,0,0.222222222222222,0.844444444444444,0.166666666666667,0,0,1
"C_4_U","2022","unraked",0.155555555555556,0.844444444444444,"2022_unraked","C_4","C",4,"U",0.0561797752808989,0.876404494382023,0.0674157303370786,0,0,4,0.51930194433582,1,0,1,0,0.0666666666666667,0.0555555555555556,0.855555555555556,0,0.0111111111111111,0,0,0,0,0,0,0,0,0,0,0,0,0,0,0,0,0,0.0555555555555556,0.866666666666667,0.0666666666666667,0,0,0
"C_5_L","2022","unraked",0.0777777777777778,0.922222222222222,"2022_unraked","C_5","C",5,"L",0.0721649484536082,0.88659793814433,0.0412371134020619,0,0,3,0.427902566486183,1,0,1,0,0.0444444444444444,0.0777777777777778,0.955555555555556,0,0,0,0,0,0,0,0,0,0,0,0,0,0,0,0,0,0,0,0.0777777777777778,0.955555555555556,0.0444444444444444,0,0,0
"C_5_U","2022","raked",0.511111111111111,0.488888888888889,"2022_raked","C_5","C",5,"U",0.0465116279069768,0.813953488372093,0.13953488372093,0,0,7,0.8317888732472,3,0.823959216501082,2,0.562335144618808,0.0888888888888889,0.0333333333333333,0.755555555555556,0,0.0222222222222222,0.0111111111111111,0,0,0.0333333333333333,0,0,0,0,0,0,0,0.0111111111111111,0,0,0,0,0,0.0444444444444444,0.777777777777778,0.122222222222222,0,0,1
"C_6_L","2022","raked",0.755555555555556,0.244444444444444,"2022_raked","C_6","C",6,"L",0.245762711864407,0.686440677966102,0.0677966101694915,0,0,4,0.811164864792254,2,0.376770161256437,1,0,0.0777777777777778,0.322222222222222,0.9,0,0,0,0,0,0.0111111111111111,0,0,0,0,0,0,0,0,0,0,0,0,0,0.322222222222222,0.9,0.0888888888888889,0,0,1
"C_6_U","2022","unraked",0.133333333333333,0.866666666666667,"2022_unraked","C_6","C",6,"U",0.0594059405940594,0.811881188118812,0.128712871287129,0,0,7,0.759241649134189,4,0.937155853065701,2,0.636514168294813,0.1,0.0444444444444444,0.911111111111111,0,0,0.0111111111111111,0,0.0222222222222222,0.0222222222222222,0,0.0111111111111111,0,0,0,0,0,0,0,0,0,0,0,0.0666666666666667,0.911111111111111,0.144444444444444,0,0,0
"C_7_L","2022","unraked",0.1,0.9,"2022_unraked","C_7","C",7,"L",0.0520833333333333,0.916666666666667,0.03125,0,0,4,0.361857320661872,2,0.636514168294813,1,0,0.0222222222222222,0.0555555555555556,0.977777777777778,0,0,0,0,0,0.0111111111111111,0,0,0,0,0,0,0,0,0,0,0,0,0,0.0555555555555556,0.977777777777778,0.0333333333333333,0,0,0
"C_7_U","2022","raked",0.355555555555556,0.644444444444444,"2022_raked","C_7","C",7,"U",0.130434782608696,0.71304347826087,0.156521739130435,0,0,5,0.911356038070369,3,0.729842919480635,1,0,0.144444444444444,0.166666666666667,0.911111111111111,0,0,0,0,0,0.0444444444444444,0,0,0,0,0,0,0,0,0.0111111111111111,0,0,0,0,0.166666666666667,0.911111111111111,0.2,0,0,1
"C_8_L","2022","raked",0.111111111111111,0.888888888888889,"2022_raked","C_8","C",8,"L",0.0206185567010309,0.865979381443299,0.11340206185567,0,0,5,0.549019088056478,3,0.859967281035505,1,0,0.0777777777777778,0.0222222222222222,0.933333333333333,0,0,0,0,0,0.0333333333333333,0,0.0111111111111111,0,0,0,0,0,0,0,0,0,0,0,0.0222222222222222,0.933333333333333,0.122222222222222,0,0,1
"C_8_U","2022","unraked",0.0222222222222222,0.977777777777778,"2022_unraked","C_8","C",8,"U",0.0227272727272727,0.931818181818182,0.0454545454545455,0,0,5,0.424716855817358,2,0.562335144618808,1,0,0.0333333333333333,0.0222222222222222,0.888888888888889,0,0.0222222222222222,0,0,0,0.0111111111111111,0,0,0,0,0,0,0,0,0,0,0,0,0,0.0222222222222222,0.911111111111111,0.0444444444444444,0,0,0
"C_9_L","2022","unraked",0.122222222222222,0.877777777777778,"2022_unraked","C_9","C",9,"L",0.0227272727272727,0.875,0.102272727272727,0,0,4,0.471713585190795,2,0.348832095843032,1,0,0.0888888888888889,0.0222222222222222,0.855555555555556,0,0,0,0,0,0.0111111111111111,0,0,0,0,0,0,0,0,0,0,0,0,0,0.0222222222222222,0.855555555555556,0.1,0,0,0
"C_9_U","2022","raked",0.766666666666667,0.233333333333333,"2022_raked","C_9","C",9,"U",0.100917431192661,0.697247706422018,0.201834862385321,0,0,4,0.867370618974622,2,0.304636097349238,1,0,0.222222222222222,0.122222222222222,0.844444444444444,0,0,0,0,0,0.0222222222222222,0,0,0,0,0,0,0,0,0,0,0,0,0,0.122222222222222,0.844444444444444,0.233333333333333,0,0,1
"C_10_L","2022","raked",0.588888888888889,0.411111111111111,"2022_raked","C_10","C",10,"L",0.128712871287129,0.772277227722772,0.099009900990099,0,0,4,0.724599216595576,2,0.325082973391448,1,0,0.1,0.144444444444444,0.866666666666667,0,0,0,0,0,0,0,0,0,0,0,0.0111111111111111,0,0,0,0,0,0,0,0.144444444444444,0.866666666666667,0.111111111111111,0,0,1
"C_10_U","2022","unraked",0.1,0.9,"2022_unraked","C_10","C",10,"U",0.0114942528735632,0.954022988505747,0.0344827586206897,0,0,3,0.212349413906056,1,0,1,0,0.0333333333333333,0.0111111111111111,0.922222222222222,0,0,0,0,0,0,0,0,0,0,0,0,0,0,0,0,0,0,0,0.0111111111111111,0.922222222222222,0.0333333333333333,0,0,0
"E_1_L","2022","unraked",0,1,"2022_unraked","E_1","E",1,"L",0.0133333333333333,0.973333333333333,0.0133333333333333,0,0,3,0.141440924151876,1,0,1,0,0.0111111111111111,0.0111111111111111,0.811111111111111,0,0,0,0,0,0,0,0,0,0,0,0,0,0,0,0,0,0,0,0.0111111111111111,0.811111111111111,0.0111111111111111,0,0,0
"E_1_U","2022","raked",0.288888888888889,0.711111111111111,"2022_raked","E_1","E",1,"U",0.0120481927710843,0.927710843373494,0.0602409638554216,0,0,7,0.792239916109817,3,0.950270539233235,1,0,0.0111111111111111,0.0111111111111111,0.722222222222222,0.0111111111111111,0.122222222222222,0.0333333333333333,0,0,0,0,0,0,0,0,0,0,0,0,0.0111111111111111,0,0,0,0.0111111111111111,0.822222222222222,0.0444444444444444,0,0,1
"E_2_L","2022","raked",0.588888888888889,0.411111111111111,"2022_raked","E_2","E",2,"L",0.0752688172043011,0.881720430107527,0.043010752688172,0,0,4,0.470825965827495,2,0.693147180559945,1,0,0.0222222222222222,0.0777777777777778,0.911111111111111,0,0,0.0222222222222222,0,0,0,0,0,0,0,0,0,0,0,0,0,0,0,0,0.0777777777777778,0.911111111111111,0.0444444444444444,0,0,1
"E_2_U","2022","unraked",0,1,"2022_unraked","E_2","E",2,"U",0.0112359550561798,0.955056179775281,0.0337078651685393,0,0,4,0.230078491498468,2,0.636514168294813,1,0,0.0111111111111111,0.0111111111111111,0.944444444444444,0,0,0.0222222222222222,0,0,0,0,0,0,0,0,0,0,0,0,0,0,0,0,0.0111111111111111,0.944444444444444,0.0333333333333333,0,0,0
"E_3_L","2022","unraked",0.0222222222222222,0.977777777777778,"2022_unraked","E_3","E",3,"L",0.0365853658536585,0.939024390243902,0.024390243902439,0,0,4,0.287586877157692,2,0.693147180559945,1,0,0.0111111111111111,0.0333333333333333,0.855555555555556,0,0,0.0111111111111111,0,0,0,0,0,0,0,0,0,0,0,0,0,0,0,0,0.0333333333333333,0.855555555555556,0.0111111111111111,0,0,0
"E_3_U","2022","raked",0.711111111111111,0.288888888888889,"2022_raked","E_3","E",3,"U",0.178082191780822,0.616438356164384,0.205479452054794,0,0,5,1.05744907106373,2,0.244930026794635,2,0.429323021930616,0.155555555555556,0.122222222222222,0.5,0,0,0.0111111111111111,0,0.0222222222222222,0,0,0,0,0,0,0,0,0,0,0,0,0,0,0.144444444444444,0.5,0.166666666666667,0,0,1
"E_4_L","2022","raked",0.944444444444444,0.0555555555555556,"2022_raked","E_4","E",4,"L",0.145631067961165,0.718446601941748,0.135922330097088,0,0,5,0.860049753678935,2,0.257318640543832,2,0.244930026794635,0.144444444444444,0.155555555555556,0.822222222222222,0,0,0,0,0.0111111111111111,0,0,0,0,0,0,0,0,0,0.0111111111111111,0,0,0,0,0.166666666666667,0.822222222222222,0.155555555555556,0,0,1
"E_4_U","2022","unraked",0.0444444444444444,0.955555555555556,"2022_unraked","E_4","E",4,"U",0.0588235294117647,0.833333333333333,0.107843137254902,0,0,4,0.591622180470686,2,0.304636097349238,1,0,0.111111111111111,0.0666666666666667,0.944444444444444,0,0,0.0111111111111111,0,0,0,0,0,0,0,0,0,0,0,0,0,0,0,0,0.0666666666666667,0.944444444444444,0.122222222222222,0,0,0
"E_5_L","2022","unraked",0.0333333333333333,0.955555555555556,"2022_unraked","E_5","E",5,"L",0.0108695652173913,0.923913043478261,0.0652173913043478,0,0,3,0.300311255124636,1,0,1,0,0.0666666666666667,0.0111111111111111,0.944444444444444,0,0,0,0,0,0,0,0,0,0,0,0,0,0,0,0,0,0,0,0.0111111111111111,0.944444444444444,0.0666666666666667,0,0,0
"E_5_U","2022","raked",0.811111111111111,0.188888888888889,"2022_raked","E_5","E",5,"U",0.0823529411764706,0.705882352941177,0.211764705882353,0,0,6,0.961213335434815,4,0.854806284951482,1,0,0.144444444444444,0.0777777777777778,0.666666666666667,0,0,0.0111111111111111,0,0,0,0,0,0,0,0,0.0111111111111111,0,0,0.0333333333333333,0,0,0,0,0.0777777777777778,0.666666666666667,0.2,0,0,1
"E_6_L","2022","raked",0.411111111111111,0.588888888888889,"2022_raked","E_6","E",6,"L",0.114583333333333,0.822916666666667,0.0625,0,0,3,0.581912929373616,1,0,1,0,0.0666666666666667,0.122222222222222,0.877777777777778,0,0,0,0,0,0,0,0,0,0,0,0,0,0,0,0,0,0,0,0.122222222222222,0.877777777777778,0.0666666666666667,0,0,1
"E_6_U","2022","unraked",0.144444444444444,0.855555555555556,"2022_unraked","E_6","E",6,"U",0.0212765957446809,0.904255319148936,0.074468085106383,0,0,3,0.366347737523366,1,0,1,0,0.0777777777777778,0.0222222222222222,0.944444444444444,0,0,0,0,0,0,0,0,0,0,0,0,0,0,0,0,0,0,0,0.0222222222222222,0.944444444444444,0.0777777777777778,0,0,0
"E_7_L","2022","unraked",0.0111111111111111,0.988888888888889,"2022_unraked","E_7","E",7,"L",0.0337078651685393,0.910112359550562,0.0561797752808989,0,0,4,0.38319967926295,1,0,2,0.636514168294813,0.0555555555555556,0.0222222222222222,0.9,0,0,0,0,0.0111111111111111,0,0,0,0,0,0,0,0,0,0,0,0,0,0,0.0333333333333333,0.9,0.0555555555555556,0,0,0
"E_7_U","2022","raked",0.388888888888889,0.611111111111111,"2022_raked","E_7","E",7,"U",0.0515463917525773,0.804123711340206,0.144329896907216,0,0,5,0.7021994279275,3,0.655975732336547,1,0,0.122222222222222,0.0555555555555556,0.866666666666667,0,0,0.0222222222222222,0,0,0.0111111111111111,0,0,0,0,0,0,0,0,0,0,0,0,0,0.0555555555555556,0.866666666666667,0.155555555555556,0,0,1
"E_8_L","2022","raked",0.711111111111111,0.288888888888889,"2022_raked","E_8","E",8,"L",0,0.960526315789474,0.0394736842105263,0,0,2,0.166267865683214,1,0,0,0,0.0333333333333333,0,0.811111111111111,0,0,0,0,0,0,0,0,0,0,0,0,0,0,0,0,0,0,0,0,0.811111111111111,0.0333333333333333,0,0,1
"E_8_U","2022","unraked",0.0444444444444444,0.955555555555556,"2022_unraked","E_8","E",8,"U",0.0202020202020202,0.858585858585859,0.121212121212121,0,0,3,0.465518527303753,1,0,1,0,0.133333333333333,0.0222222222222222,0.944444444444444,0,0,0,0,0,0,0,0,0,0,0,0,0,0,0,0,0,0,0,0.0222222222222222,0.944444444444444,0.133333333333333,0,0,0
"E_9_L","2022","unraked",0.0111111111111111,0.988888888888889,"2022_unraked","E_9","E",9,"L",0.010989010989011,0.945054945054945,0.043956043956044,0,0,3,0.240320551326947,1,0,1,0,0.0444444444444444,0.0111111111111111,0.955555555555556,0,0,0,0,0,0,0,0,0,0,0,0,0,0,0,0,0,0,0,0.0111111111111111,0.955555555555556,0.0444444444444444,0,0,0
"E_9_U","2022","raked",0.633333333333333,0.366666666666667,"2022_raked","E_9","E",9,"U",0.0843373493975904,0.771084337349398,0.144578313253012,0,0,5,0.770458206491216,3,0.566085738959629,1,0,0.111111111111111,0.0777777777777778,0.711111111111111,0,0,0,0,0,0,0,0,0,0,0.0111111111111111,0,0,0,0.0111111111111111,0,0,0,0,0.0777777777777778,0.711111111111111,0.122222222222222,0,0,1
"E_10_L","2022","raked",0.433333333333333,0.566666666666667,"2022_raked","E_10","E",10,"L",0.182539682539683,0.619047619047619,0.198412698412698,0,0,4,0.96157597539188,2,0.167944147734173,1,0,0.266666666666667,0.255555555555556,0.866666666666667,0,0,0,0,0,0,0,0,0,0,0,0,0,0,0.0111111111111111,0,0,0,0,0.255555555555556,0.866666666666667,0.277777777777778,0,0,1
"E_10_U","2022","unraked",0.1,0.9,"2022_unraked","E_10","E",10,"U",0.0434782608695652,0.945652173913043,0.0108695652173913,0,0,3,0.238319188272645,1,0,1,0,0.0111111111111111,0.0444444444444444,0.966666666666667,0,0,0,0,0,0,0,0,0,0,0,0,0,0,0,0,0,0,0,0.0444444444444444,0.966666666666667,0.0111111111111111,0,0,0
"G_1_L","2022","unraked",0.1,0.9,"2022_unraked","G_1","G",1,"L",0.0421052631578947,0.88421052631579,0.0736842105263158,0,0,4,0.464567993045949,2,0.410116318288409,1,0,0.0666666666666667,0.0444444444444444,0.933333333333333,0,0,0.0111111111111111,0,0,0,0,0,0,0,0,0,0,0,0,0,0,0,0,0.0444444444444444,0.933333333333333,0.0777777777777778,0,0,0
"G_1_U","2022","raked",0.811111111111111,0.188888888888889,"2022_raked","G_1","G",1,"U",0.144329896907216,0.804123711340206,0.0515463917525774,0,0,6,0.75239481661164,3,0.950270539233235,1,0,0.0111111111111111,0.155555555555556,0.844444444444444,0,0.0222222222222222,0.0333333333333333,0,0,0,0,0,0,0,0,0,0,0,0.0111111111111111,0,0,0,0,0.155555555555556,0.855555555555556,0.0555555555555556,0,0,1
"G_2_L","2022","raked",0.844444444444444,0.155555555555556,"2022_raked","G_2","G",2,"L",0.17283950617284,0.802469135802469,0.0246913580246914,0,0,3,0.571384098882934,1,0,1,0,0.0222222222222222,0.155555555555556,0.722222222222222,0,0,0,0,0,0,0,0,0,0,0,0,0,0,0,0,0,0,0,0.155555555555556,0.722222222222222,0.0222222222222222,0,0,1
"G_2_U","2022","unraked",0,1,"2022_unraked","G_2","G",2,"U",0.00943396226415094,0.839622641509434,0.150943396226415,0,0,3,0.476174410508322,1,0,1,0,0.177777777777778,0.0111111111111111,0.988888888888889,0,0,0,0,0,0,0,0,0,0,0,0,0,0,0,0,0,0,0,0.0111111111111111,0.988888888888889,0.177777777777778,0,0,0
"G_3_L","2022","unraked",0.0222222222222222,0.966666666666667,"2022_unraked","G_3","G",3,"L",0.0365853658536585,0.939024390243902,0.024390243902439,0,0,3,0.270680848363547,1,0,1,0,0.0222222222222222,0.0333333333333333,0.855555555555556,0,0,0,0,0,0,0,0,0,0,0,0,0,0,0,0,0,0,0,0.0333333333333333,0.855555555555556,0.0222222222222222,0,0,0
"G_3_U","2022","raked",0.677777777777778,0.322222222222222,"2022_raked","G_3","G",3,"U",0.0777777777777778,0.877777777777778,0.0444444444444444,0,0,3,0.451443794410693,1,0,1,0,0.0444444444444444,0.0777777777777778,0.877777777777778,0,0,0,0,0,0,0,0,0,0,0,0,0,0,0,0,0,0,0,0.0777777777777778,0.877777777777778,0.0444444444444444,0,0,1
"G_4_L","2022","raked",0.777777777777778,0.211111111111111,"2022_raked","G_4","G",4,"L",0.1,0.822222222222222,0.0777777777777778,0,0,3,0.589840679924468,1,0,1,0,0.0777777777777778,0.1,0.822222222222222,0,0,0,0,0,0,0,0,0,0,0,0,0,0,0,0,0,0,0,0.1,0.822222222222222,0.0777777777777778,0,0,1
"G_4_U","2022","unraked",0,1,"2022_unraked","G_4","G",4,"U",0.0594059405940594,0.891089108910891,0.0495049504950495,0,0,5,0.470811236283102,2,0.500402423538188,2,0.450561208866305,0.0444444444444444,0.0111111111111111,1,0,0,0,0,0.0555555555555556,0,0,0,0,0,0,0,0,0,0.0111111111111111,0,0,0,0,0.0666666666666667,1,0.0555555555555556,0,0,0
"G_5_L","2022","unraked",0,1,"2022_unraked","G_5","G",5,"L",0.021978021978022,0.945054945054945,0.032967032967033,0,0,3,0.249804575693489,1,0,1,0,0.0333333333333333,0.0222222222222222,0.955555555555556,0,0,0,0,0,0,0,0,0,0,0,0,0,0,0,0,0,0,0,0.0222222222222222,0.955555555555556,0.0333333333333333,0,0,0
"G_5_U","2022","raked",0.833333333333333,0.166666666666667,"2022_raked","G_5","G",5,"U",0.0824742268041237,0.896907216494845,0.020618556701031,0,0,5,0.428779253077239,2,0.693147180559945,2,0.376770161256437,0.0111111111111111,0.0777777777777778,0.966666666666667,0,0,0,0,0.0111111111111111,0,0,0,0,0,0,0,0,0,0.0111111111111111,0,0,0,0,0.0888888888888889,0.966666666666667,0.0222222222222222,0,0,1
"G_6_L","2022","raked",0.522222222222222,0.477777777777778,"2022_raked","G_6","G",6,"L",0.1,0.877777777777778,0.0222222222222222,0,0,3,0.429279715863148,1,0,1,0,0.0222222222222222,0.1,0.877777777777778,0,0,0,0,0,0,0,0,0,0,0,0,0,0,0,0,0,0,0,0.1,0.877777777777778,0.0222222222222222,0,0,1
"G_6_U","2022","unraked",0.0333333333333333,0.966666666666667,"2022_unraked","G_6","G",6,"U",0.0105263157894737,0.863157894736842,0.126315789473685,0,0,4,0.472531351848428,2,0.28683598305616,1,0,0.122222222222222,0.0111111111111111,0.911111111111111,0,0,0,0,0,0,0,0,0,0,0,0,0,0,0.0111111111111111,0,0,0,0,0.0111111111111111,0.911111111111111,0.133333333333333,0,0,0
"G_7_L","2022","unraked",0.433333333333333,0.566666666666667,"2022_unraked","G_7","G",7,"L",0,0.929411764705882,0.0705882352941176,0,0,2,0.255157878134281,1,0,0,0,0.0666666666666667,0,0.877777777777778,0,0,0,0,0,0,0,0,0,0,0,0,0,0,0,0,0,0,0,0,0.877777777777778,0.0666666666666667,0,0,0
"G_7_U","2022","raked",0.711111111111111,0.288888888888889,"2022_raked","G_7","G",7,"U",0.102272727272727,0.75,0.147727272727273,0,0,5,0.830565363693153,2,0.429323021930616,2,0.348832095843032,0.122222222222222,0.0888888888888889,0.733333333333333,0,0,0,0,0.0111111111111111,0,0,0,0,0,0,0,0,0,0.0222222222222222,0,0,0,0,0.1,0.733333333333333,0.133333333333333,0,0,1
"G_8_L","2022","raked",0.377777777777778,0.622222222222222,"2022_raked","G_8","G",8,"L",0.107142857142857,0.767857142857143,0.125,0,0,4,0.732806745462975,1,0,2,0.28683598305616,0.155555555555556,0.122222222222222,0.955555555555556,0,0,0,0,0.0111111111111111,0,0,0,0,0,0,0,0,0,0,0,0,0,0,0.133333333333333,0.955555555555556,0.155555555555556,0,0,1
"G_8_U","2022","unraked",0,1,"2022_unraked","G_8","G",8,"U",0,0.947368421052632,0.0526315789473684,0,0,2,0.206192050633232,1,0,0,0,0.0555555555555556,0,1,0,0,0,0,0,0,0,0,0,0,0,0,0,0,0,0,0,0,0,0,1,0.0555555555555556,0,0,0
"G_9_L","2022","unraked",0,1,"2022_unraked","G_9","G",9,"L",0.010989010989011,0.956043956043956,0.032967032967033,0,0,3,0.205037053890992,1,0,1,0,0.0333333333333333,0.0111111111111111,0.966666666666667,0,0,0,0,0,0,0,0,0,0,0,0,0,0,0,0,0,0,0,0.0111111111111111,0.966666666666667,0.0333333333333333,0,0,0
"G_9_U","2022","raked",0.644444444444444,0.355555555555556,"2022_raked","G_9","G",9,"U",0.058252427184466,0.83495145631068,0.106796116504854,0,0,4,0.587638937519825,2,0.304636097349238,1,0,0.111111111111111,0.0666666666666667,0.955555555555556,0,0,0,0,0,0,0,0,0,0,0,0,0,0,0.0111111111111111,0,0,0,0,0.0666666666666667,0.955555555555556,0.122222222222222,0,0,1
"G_10_L","2022","raked",0.444444444444444,0.555555555555556,"2022_raked","G_10","G",10,"L",0.190789473684211,0.585526315789474,0.223684210526316,0,0,3,0.964430035236292,1,0,1,0,0.377777777777778,0.322222222222222,0.988888888888889,0,0,0,0,0,0,0,0,0,0,0,0,0,0,0,0,0,0,0,0.322222222222222,0.988888888888889,0.377777777777778,0,0,1
"G_10_U","2022","unraked",0,1,"2022_unraked","G_10","G",10,"U",0,0.769911504424779,0.230088495575221,0,0,4,0.687601612020313,3,0.644179805973393,0,0,0.222222222222222,0,0.966666666666667,0,0,0,0,0,0,0,0.0111111111111111,0,0,0,0,0,0,0.0555555555555556,0,0,0,0,0,0.966666666666667,0.288888888888889,0,0,0
"A_1_L","2023","unraked",0.311111111111111,0.677777777777778,"2023_unraked","A_1","A",1,"L",0.100529100529101,0.814814814814814,0.0846560846560847,0,0,10,1.60767853916529,3,0.46341355882643,3,0.708018976056273,0.155555555555556,0.155555555555556,0.844444444444444,0.133333333333333,0.622222222222222,0.0111111111111111,0.0444444444444444,0.0111111111111111,0.0111111111111111,0,0,0,0,0,0,0,0,0,0,0,0.111111111111111,0,0.211111111111111,0.977777777777778,0.166666666666667,0,0,0
"A_1_U","2023","raked",0.355555555555556,0.644444444444444,"2023_raked","A_1","A",1,"U",0.122222222222222,0.838888888888889,0.0388888888888889,0,0,8,1.64549000862455,2,0.410116318288409,2,0.6765259604935,0.0666666666666667,0.1,0.355555555555556,0.244444444444444,0.866666666666667,0.0111111111111111,0.144444444444444,0,0,0,0,0,0,0,0,0,0,0,0,0,0.211111111111111,0,0.244444444444444,0.977777777777778,0.0777777777777778,0,0,2
"A_2_L","2023","raked",0.922222222222222,0.0777777777777778,"2023_raked","A_2","A",2,"L",0.114583333333333,0.828125,0.0572916666666667,0,0,9,1.58991476393332,2,0.474139313057838,3,0.708832947994361,0.1,0.177777777777778,0.844444444444444,0.244444444444444,0.622222222222222,0.0222222222222222,0.0111111111111111,0.0555555555555556,0,0,0,0,0,0,0,0,0,0,0,0,0.0555555555555556,0,0.233333333333333,1,0.122222222222222,0,0,2
"A_2_U","2023","unraked",0.133333333333333,0.866666666666667,"2023_unraked","A_2","A",2,"U",0.0683229813664596,0.869565217391304,0.062111801242236,0,0,7,1.32969367779083,3,0.639031859650177,1,0,0.0888888888888889,0.122222222222222,0.944444444444444,0.244444444444444,0.366666666666667,0.0111111111111111,0,0,0.0111111111111111,0,0,0,0,0,0,0,0,0,0,0,0,0,0.122222222222222,0.988888888888889,0.111111111111111,0,0,0
"A_3_L","2023","unraked",0.1,0.9,"2023_unraked","A_3","A",3,"L",0.107526881720431,0.849462365591398,0.043010752688172,0,0,6,1.28842779248854,1,0,2,0.198515243345873,0.0888888888888889,0.211111111111111,0.988888888888889,0.133333333333333,0.633333333333333,0,0.0111111111111111,0,0,0,0,0,0,0,0,0,0,0,0,0,0,0,0.211111111111111,1,0.0888888888888889,0,0,0
"A_3_U","2023","raked",0.577777777777778,0.422222222222222,"2023_raked","A_3","A",3,"U",0.199074074074074,0.708333333333333,0.0925925925925926,0,0,11,1.60327712040942,4,1.02509391179179,3,0.55053608789085,0.144444444444444,0.388888888888889,0.777777777777778,0.0666666666666667,0.844444444444444,0.0333333333333333,0.0777777777777778,0.0111111111111111,0.0222222222222222,0,0,0,0,0,0.0222222222222222,0,0,0,0,0,0.0111111111111111,0,0.422222222222222,1,0.211111111111111,0,0,2
"A_4_L","2023","raked",0.455555555555556,0.544444444444444,"2023_raked","A_4","A",4,"L",0.115789473684211,0.594736842105263,0.289473684210526,0,0,7,1.43244972875445,1,0,2,0.184907399167776,0.611111111111111,0.233333333333333,0.7,0.0111111111111111,0.511111111111111,0,0.0111111111111111,0,0,0,0,0,0,0,0,0,0,0,0,0,0.0333333333333333,0,0.244444444444444,0.922222222222222,0.611111111111111,0,0,2
"A_4_U","2023","unraked",0.0222222222222222,0.944444444444444,"2023_unraked","A_4","A",4,"U",0.108974358974359,0.762820512820512,0.128205128205128,0,0,4,1.14213914394146,1,0,1,0,0.222222222222222,0.188888888888889,0.988888888888889,0,0.333333333333333,0,0,0,0,0,0,0,0,0,0,0,0,0,0,0,0,0,0.188888888888889,1,0.222222222222222,0,0,0
"A_5_L","2023","unraked",0.0555555555555556,0.944444444444444,"2023_unraked","A_5","A",5,"L",0.304347826086957,0.66304347826087,0.0326086956521739,0,0,6,1.17222342044002,2,0.450561208866305,1,0,0.0555555555555556,0.622222222222222,0.988888888888889,0,0.355555555555556,0,0,0,0,0,0,0,0,0,0.0111111111111111,0,0,0,0,0,0.0111111111111111,0,0.622222222222222,1,0.0666666666666667,0,0,0
"A_5_U","2023","raked",0.511111111111111,0.488888888888889,"2023_raked","A_5","A",5,"U",0.299465240641712,0.631016042780749,0.0695187165775401,0,0,7,1.25777937527005,2,0.271189373041844,2,0.0895780266675441,0.133333333333333,0.611111111111111,0.988888888888889,0,0.311111111111111,0.0111111111111111,0.0111111111111111,0,0,0,0,0,0,0,0,0,0,0,0,0,0.0111111111111111,0,0.611111111111111,1,0.144444444444444,0,0,2
"A_6_L","2023","raked",0.7,0.3,"2023_raked","A_6","A",6,"L",0.235714285714286,0.628571428571428,0.135714285714286,0,0,10,1.3458753684469,5,1.19333031248868,2,0.135793958751594,0.0888888888888889,0.355555555555556,0.877777777777778,0,0.0666666666666667,0.0111111111111111,0,0.0111111111111111,0.0888888888888889,0,0.0111111111111111,0,0,0,0,0,0,0.0111111111111111,0,0,0.0333333333333333,0,0.366666666666667,0.888888888888889,0.177777777777778,0,0,2
"A_6_U","2023","unraked",0.0222222222222222,0.977777777777778,"2023_unraked","A_6","A",6,"U",0.0315789473684211,0.947368421052632,0.0210526315789474,0,0,3,0.24161371731793,1,0,1,0,0.0222222222222222,0.0333333333333333,1,0,0,0,0,0,0,0,0,0,0,0,0,0,0,0,0,0,0,0,0.0333333333333333,1,0.0222222222222222,0,0,0
"A_7_L","2023","unraked",0.0777777777777778,0.922222222222222,"2023_unraked","A_7","A",7,"L",0.00943396226415094,0.849056603773585,0.141509433962264,0,0,4,0.494291236146619,2,0.244930026794635,1,0,0.155555555555556,0.0111111111111111,1,0,0,0,0,0,0.0111111111111111,0,0,0,0,0,0,0,0,0,0,0,0,0,0.0111111111111111,1,0.166666666666667,0,0,0
"A_7_U","2023","raked",0.344444444444444,0.655555555555556,"2023_raked","A_7","A",7,"U",0.110091743119266,0.853211009174311,0.036697247706422,0,0,7,0.676904406546395,3,1.03972077083992,1,0,0,0.133333333333333,1,0,0.0111111111111111,0.0222222222222222,0,0,0.0111111111111111,0,0,0,0,0.0111111111111111,0,0,0,0,0,0,0.0222222222222222,0,0.133333333333333,1,0.0444444444444444,0,0,2
"A_8_L","2023","raked",0.588888888888889,0.411111111111111,"2023_raked","A_8","A",8,"L",0.128787878787879,0.681818181818182,0.189393939393939,0,0,5,0.987768217526108,3,0.778997749297193,1,0,0.177777777777778,0.188888888888889,1,0,0,0.0111111111111111,0,0,0.0888888888888889,0,0,0,0,0,0,0,0,0,0,0,0,0,0.188888888888889,1,0.277777777777778,0,0,2
"A_8_U","2023","unraked",0,1,"2023_unraked","A_8","A",8,"U",0.0206185567010309,0.938144329896908,0.0412371134020619,0,0,5,0.351360446989485,2,0.562335144618808,1,0,0.0333333333333333,0.0222222222222222,1,0,0.0111111111111111,0,0,0,0.0111111111111111,0,0,0,0,0,0,0,0,0,0,0,0,0,0.0222222222222222,1,0.0333333333333333,0,0,0
"A_9_L","2023","unraked",0.0888888888888889,0.911111111111111,"2023_unraked","A_9","A",9,"L",0.0380952380952381,0.857142857142857,0.104761904761905,0,0,3,0.49296134277671,1,0,1,0,0.122222222222222,0.0444444444444444,1,0,0,0,0,0,0,0,0,0,0,0,0,0,0,0,0,0,0,0,0.0444444444444444,1,0.122222222222222,0,0,0
"A_9_U","2023","raked",0.233333333333333,0.766666666666667,"2023_raked","A_9","A",9,"U",0.0267857142857143,0.821428571428572,0.151785714285714,0,0,5,0.643111960181845,1,0,1,0,0.188888888888889,0.0333333333333333,1,0.0111111111111111,0,0,0,0,0,0,0,0,0,0,0,0,0,0,0,0,0.0111111111111111,0,0.0333333333333333,1,0.188888888888889,0,0,2
"A_10_L","2023","raked",0.133333333333333,0.866666666666667,"2023_raked","A_10","A",10,"L",0.0588235294117647,0.647058823529411,0.286764705882353,0.00735294117647059,0,8,0.991233102066371,4,0.348780384918029,1,0,0.411111111111111,0.0888888888888889,0.955555555555556,0.0111111111111111,0,0.0111111111111111,0,0,0,0,0,0,0,0,0.0111111111111111,0,0,0,0,0.0111111111111111,0.0111111111111111,0,0.0888888888888889,0.977777777777778,0.433333333333333,0.0111111111111111,0,2
"A_10_U","2023","unraked",0.0222222222222222,0.977777777777778,"2023_unraked","A_10","A",10,"U",0,0.927835051546392,0.0721649484536082,0,0,2,0.259203335481619,1,0,0,0,0.0777777777777778,0,1,0,0,0,0,0,0,0,0,0,0,0,0,0,0,0,0,0,0,0,0,1,0.0777777777777778,0,0,0
"C_1_L","2023","unraked",0.377777777777778,0.622222222222222,"2023_unraked","C_1","C",1,"L",0.0567375886524823,0.702127659574469,0.24113475177305,0,0,7,1.093542207311,3,0.428367632972956,1,0,0.333333333333333,0.0888888888888889,1,0.0111111111111111,0,0,0,0,0.0333333333333333,0,0,0,0,0,0.0111111111111111,0,0,0,0,0,0.0888888888888889,0,0.0888888888888889,1,0.355555555555556,0,0,0
"C_1_U","2023","raked",1,0,"2023_raked","C_1","C",1,"U",0.186813186813187,0.741758241758241,0.0714285714285714,0,0,7,1.52868034169314,2,0.429323021930616,1,0,0.0222222222222222,0.377777777777778,0.944444444444444,0.1,0.222222222222222,0,0,0,0.122222222222222,0,0,0,0,0,0,0,0,0,0,0,0.233333333333333,0,0.377777777777778,0.977777777777778,0.144444444444444,0,0,2
"C_2_L","2023","raked",0.977777777777778,0.0222222222222222,"2023_raked","C_2","C",2,"L",0.206349206349206,0.761904761904762,0.0317460317460317,0,0,6,1.0079035915918,1,0,1,0,0.0444444444444444,0.288888888888889,0.933333333333333,0.0888888888888889,0.0111111111111111,0,0,0,0,0,0,0,0,0,0,0,0,0,0,0,0.0333333333333333,0,0.288888888888889,0.955555555555556,0.0444444444444444,0,0,2
"C_2_U","2023","unraked",0.122222222222222,0.877777777777778,"2023_unraked","C_2","C",2,"U",0.125874125874126,0.776223776223776,0.097902097902098,0,0,6,1.14944280492563,3,0.89820533970415,1,0,0.0777777777777778,0.2,1,0.233333333333333,0,0.0111111111111111,0,0,0.0666666666666667,0,0,0,0,0,0,0,0,0,0,0,0,0,0.2,1,0.155555555555556,0,0,0
"C_3_L","2023","unraked",0.2,0.8,"2023_unraked","C_3","C",3,"L",0.0769230769230769,0.777777777777778,0.145299145299146,0,0,6,0.804131298032942,3,0.578325286660127,1,0,0.155555555555556,0.1,1,0.0111111111111111,0,0.0111111111111111,0,0,0.0222222222222222,0,0,0,0,0,0,0,0,0,0,0,0,0,0.1,1,0.188888888888889,0,0,0
"C_3_U","2023","raked",0.966666666666667,0.0333333333333333,"2023_raked","C_3","C",3,"U",0.194915254237288,0.771186440677967,0.0338983050847457,0,0,9,1.59882105008734,2,0.376770161256437,3,0.282600106577289,0.0777777777777778,0.477777777777778,0.988888888888889,0.255555555555556,0.144444444444444,0,0.0222222222222222,0.0111111111111111,0.0111111111111111,0,0,0,0,0,0,0,0,0,0,0,0.633333333333333,0,0.5,1,0.0888888888888889,0,0,2
"C_4_L","2023","raked",0.933333333333333,0.0666666666666667,"2023_raked","C_4","C",4,"L",0.0206896551724138,0.689655172413793,0.289655172413793,0,0,7,1.16654057623462,2,0.365023134235587,1,0,0.411111111111111,0.0333333333333333,0.955555555555556,0.0333333333333333,0.0222222222222222,0,0,0,0.0555555555555556,0,0,0,0,0,0,0,0,0,0,0,0.1,0,0.0333333333333333,0.955555555555556,0.466666666666667,0,0,2
"C_4_U","2023","unraked",0,1,"2023_unraked","C_4","C",4,"U",0.246478873239437,0.725352112676056,0.028169014084507,0,0,7,1.02997778516204,2,0.693147180559945,2,0.129740694719428,0.0222222222222222,0.377777777777778,1,0.0111111111111111,0.133333333333333,0,0,0.0111111111111111,0.0222222222222222,0,0,0,0,0,0,0,0,0,0,0,0,0,0.388888888888889,1,0.0444444444444444,0,0,0
"C_5_L","2023","unraked",0.0666666666666667,0.933333333333333,"2023_unraked","C_5","C",5,"L",0.0202020202020202,0.898989898989899,0.0808080808080808,0,0,4,0.423283663833897,2,0.562335144618808,1,0,0.0666666666666667,0.0222222222222222,0.988888888888889,0,0,0,0,0,0.0222222222222222,0,0,0,0,0,0,0,0,0,0,0,0,0,0.0222222222222222,0.988888888888889,0.0888888888888889,0,0,0
"C_5_U","2023","raked",0.666666666666667,0.333333333333333,"2023_raked","C_5","C",5,"U",0.137404580152672,0.763358778625954,0.0992366412213741,0,0,8,1.19082464074394,3,1.01233083910317,2,0.590842246275583,0.0555555555555556,0.144444444444444,1,0,0.0555555555555556,0.0222222222222222,0,0.0555555555555556,0.0666666666666667,0,0,0,0,0,0,0,0,0,0,0,0.0555555555555556,0,0.188888888888889,1,0.122222222222222,0,0,2
"C_6_L","2023","raked",0.988888888888889,0.0111111111111111,"2023_raked","C_6","C",6,"L",0.170940170940171,0.777777777777778,0.0512820512820513,0,0,6,0.7412962147526,3,0.867563228481462,1,0,0.0444444444444444,0.222222222222222,1,0,0,0.0111111111111111,0,0,0,0,0,0,0,0,0,0.0111111111111111,0,0,0,0,0.0111111111111111,0,0.222222222222222,1,0.0555555555555556,0,0,2
"C_6_U","2023","unraked",0.0111111111111111,0.988888888888889,"2023_unraked","C_6","C",6,"U",0.094017094017094,0.777777777777778,0.128205128205128,0,0,5,0.756793812778974,1,0,2,0.304636097349238,0.166666666666667,0.111111111111111,1,0,0.0111111111111111,0,0.0111111111111111,0,0,0,0,0,0,0,0,0,0,0,0,0,0,0,0.122222222222222,1,0.166666666666667,0,0,0
"C_7_L","2023","unraked",0.177777777777778,0.811111111111111,"2023_unraked","C_7","C",7,"L",0.150442477876106,0.814159292035398,0.0353982300884956,0,0,5,0.675798186802573,2,0.562335144618808,1,0,0.0333333333333333,0.188888888888889,1,0,0.0222222222222222,0,0,0,0.0111111111111111,0,0,0,0,0,0,0,0,0,0,0,0,0,0.188888888888889,1,0.0444444444444444,0,0,0
"C_7_U","2023","raked",0.944444444444444,0.0555555555555556,"2023_raked","C_7","C",7,"U",0.235294117647059,0.620915032679738,0.143790849673203,0,0,8,1.18548243956107,3,0.48510450039094,2,0.214559155176405,0.211111111111111,0.377777777777778,1,0,0.0222222222222222,0.0222222222222222,0,0.0222222222222222,0,0,0,0,0,0,0,0,0,0.0111111111111111,0,0,0.0333333333333333,0,0.377777777777778,1,0.233333333333333,0,0,2
"C_8_L","2023","raked",0.666666666666667,0.333333333333333,"2023_raked","C_8","C",8,"L",0.2421875,0.6953125,0.0625,0,0,6,0.849880926643106,3,0.735621939758795,2,0.142505867392738,0.0666666666666667,0.333333333333333,0.988888888888889,0,0,0.0111111111111111,0,0.0111111111111111,0.0111111111111111,0,0,0,0,0,0,0,0,0,0,0,0,0,0.333333333333333,0.988888888888889,0.0888888888888889,0,0,2
"C_8_U","2023","unraked",0.0333333333333333,0.966666666666667,"2023_unraked","C_8","C",8,"U",0.12280701754386,0.798245614035087,0.0789473684210526,0,0,5,0.736408390274232,2,0.636514168294813,1,0,0.0666666666666667,0.155555555555556,1,0,0.0111111111111111,0,0,0,0.0333333333333333,0,0,0,0,0,0,0,0,0,0,0,0,0,0.155555555555556,1,0.0777777777777778,0,0,0
"C_9_L","2023","unraked",0.0888888888888889,0.911111111111111,"2023_unraked","C_9","C",9,"L",0.0916666666666667,0.791666666666667,0.116666666666667,0,0,5,0.838727589535387,1,0,1,0,0.155555555555556,0.122222222222222,1,0,0.0444444444444444,0,0,0,0,0,0,0,0,0,0,0,0,0,0,0,0.0111111111111111,0,0.122222222222222,1,0.155555555555556,0,0,0
"C_9_U","2023","raked",0.755555555555556,0.222222222222222,"2023_raked","C_9","C",9,"U",0.0588235294117647,0.627450980392157,0.313725490196079,0,0,7,1.06437086008013,4,0.302454926748216,1,0,0.5,0.1,1,0,0,0,0,0,0.0111111111111111,0,0,0,0,0.0111111111111111,0.0111111111111111,0,0,0,0,0,0.0666666666666667,0,0.1,1,0.522222222222222,0,0,2
"C_10_L","2023","raked",0.677777777777778,0.322222222222222,"2023_raked","C_10","C",10,"L",0.108527131782946,0.682170542635659,0.201550387596899,0,0.00775193798449612,6,0.923208707130764,3,0.315396287422661,2,0.257318640543832,0.277777777777778,0.144444444444444,0.977777777777778,0,0,0,0,0.0111111111111111,0,0,0,0,0,0,0.0111111111111111,0,0,0,0,0,0,0.0111111111111111,0.155555555555556,0.977777777777778,0.288888888888889,0,0.0111111111111111,2
"C_10_U","2023","unraked",0,1,"2023_unraked","C_10","C",10,"U",0.0776699029126214,0.883495145631068,0.0388349514563107,0,0,5,0.516773465728756,1,0,2,0.376770161256437,0.0444444444444444,0.0777777777777778,1,0,0.0111111111111111,0,0,0,0,0.0111111111111111,0,0,0,0,0,0,0,0,0,0,0,0,0.0888888888888889,1,0.0444444444444444,0,0,0
"E_1_L","2023","unraked",0.2,0.8,"2023_unraked","E_1","E",1,"L",0.155963302752294,0.825688073394495,0.018348623853211,0,0,3,0.521313097460342,1,0,1,0,0.0222222222222222,0.188888888888889,1,0,0,0,0,0,0,0,0,0,0,0,0,0,0,0,0,0,0,0,0.188888888888889,1,0.0222222222222222,0,0,0
"E_1_U","2023","raked",0.9,0.1,"2023_raked","E_1","E",1,"U",0.266666666666666,0.64,0.0933333333333333,0,0,10,1.23362546277565,4,1.05472091690681,2,0.198515243345873,0.0888888888888889,0.422222222222222,0.977777777777778,0.0111111111111111,0.0666666666666667,0.0444444444444444,0,0.0222222222222222,0,0,0,0,0.0111111111111111,0,0,0,0,0,0.0111111111111111,0,0.0111111111111111,0,0.433333333333333,0.977777777777778,0.144444444444444,0,0,2
"E_2_L","2023","raked",0.911111111111111,0.0666666666666667,"2023_raked","E_2","E",2,"L",0.22463768115942,0.644927536231884,0.130434782608696,0,0,5,1.01333610344343,2,0.686961576597323,1,0,0.111111111111111,0.344444444444444,0.977777777777778,0,0,0.0888888888888889,0,0,0,0,0,0,0,0,0,0,0,0,0,0,0.0111111111111111,0,0.344444444444444,0.977777777777778,0.2,0,0,2
"E_2_U","2023","unraked",0.0666666666666667,0.933333333333333,"2023_unraked","E_2","E",2,"U",0.216417910447761,0.671641791044776,0.111940298507463,0,0,3,0.843696498339981,1,0,1,0,0.166666666666667,0.322222222222222,1,0,0,0,0,0,0,0,0,0,0,0,0,0,0,0,0,0,0,0,0.322222222222222,1,0.166666666666667,0,0,0
"E_3_L","2023","unraked",0.4,0.6,"2023_unraked","E_3","E",3,"L",0.0254237288135593,0.76271186440678,0.211864406779661,0,0,4,0.687791670879067,2,0.278769371768587,1,0,0.255555555555556,0.0333333333333333,1,0,0,0.0222222222222222,0,0,0,0,0,0,0,0,0,0,0,0,0,0,0,0,0.0333333333333333,1,0.266666666666667,0,0,0
"E_3_U","2023","raked",0.966666666666667,0.0111111111111111,"2023_raked","E_3","E",3,"U",0.178571428571429,0.479591836734694,0.341836734693878,0,0,7,1.23759196967773,2,0.182836586539872,2,0.292508468472397,0.711111111111111,0.355555555555556,1,0.0111111111111111,0,0.0333333333333333,0,0.0333333333333333,0,0,0,0,0,0,0,0,0,0,0,0,0.0333333333333333,0,0.388888888888889,1,0.722222222222222,0,0,2
"E_4_L","2023","raked",0.966666666666667,0.0333333333333333,"2023_raked","E_4","E",4,"L",0.148148148148148,0.481481481481481,0.37037037037037,0,0,7,1.18860819902273,2,0.176920351117944,3,0.616128669601867,0.744444444444444,0.244444444444444,1,0,0,0.0333333333333333,0,0.0555555555555556,0,0.0111111111111111,0,0,0,0,0,0,0,0,0,0,0.0111111111111111,0,0.3,1,0.744444444444444,0,0,2
"E_4_U","2023","unraked",0.0777777777777778,0.888888888888889,"2023_unraked","E_4","E",4,"U",0.0763358778625954,0.67175572519084,0.251908396946565,0,0,3,0.81095121532011,1,0,1,0,0.366666666666667,0.111111111111111,0.977777777777778,0,0,0,0,0,0,0,0,0,0,0,0,0,0,0,0,0,0,0,0.111111111111111,0.977777777777778,0.366666666666667,0,0,0
"E_5_L","2023","unraked",0.0222222222222222,0.977777777777778,"2023_unraked","E_5","E",5,"L",0.0263157894736842,0.789473684210526,0.18421052631579,0,0,6,0.680816822999705,3,0.380506218477596,2,0.636514168294813,0.211111111111111,0.0222222222222222,1,0,0,0,0,0.0111111111111111,0.0111111111111111,0,0,0,0,0,0,0,0,0.0111111111111111,0,0,0,0,0.0333333333333333,1,0.233333333333333,0,0,0
"E_5_U","2023","raked",0.955555555555556,0.0444444444444444,"2023_raked","E_5","E",5,"U",0.107142857142857,0.642857142857143,0.25,0,0,6,0.988474415134901,4,0.474208127199144,1,0,0.344444444444444,0.166666666666667,1,0,0,0.0111111111111111,0,0,0,0,0,0,0.0222222222222222,0,0,0,0,0.0111111111111111,0,0,0,0,0.166666666666667,1,0.388888888888889,0,0,2
"E_6_L","2023","raked",0.977777777777778,0.0222222222222222,"2023_raked","E_6","E",6,"L",0.197278911564626,0.619047619047619,0.183673469387755,0,0,5,0.994888645364518,2,0.158410570131791,1,0,0.288888888888889,0.322222222222222,1,0,0,0,0,0,0,0,0,0,0.0111111111111111,0,0,0,0,0,0,0,0.0111111111111111,0,0.322222222222222,1,0.3,0,0,2
"E_6_U","2023","unraked",0.144444444444444,0.855555555555556,"2023_unraked","E_6","E",6,"U",0.175572519083969,0.687022900763359,0.137404580152672,0,0,4,0.883999222338169,2,0.348832095843032,1,0,0.177777777777778,0.255555555555556,1,0,0,0,0,0,0,0,0,0,0,0,0,0,0,0.0222222222222222,0,0,0,0,0.255555555555556,1,0.188888888888889,0,0,0
"E_7_L","2023","unraked",0.0666666666666667,0.922222222222222,"2023_unraked","E_7","E",7,"L",0.145161290322581,0.725806451612903,0.129032258064516,0,0,6,0.865814600936853,4,0.688567369302283,1,0,0.144444444444444,0.2,1,0,0,0.0111111111111111,0,0,0.0111111111111111,0,0,0,0,0,0,0,0,0.0111111111111111,0,0,0,0,0.2,1,0.177777777777778,0,0,0
"E_7_U","2023","raked",0.988888888888889,0.0111111111111111,"2023_raked","E_7","E",7,"U",0.229411764705882,0.529411764705882,0.241176470588235,0,0,6,1.21819799526799,4,0.832345223430998,1,0,0.333333333333333,0.433333333333333,1,0,0,0,0,0,0.0555555555555556,0,0,0,0,0,0.0111111111111111,0,0,0.0555555555555556,0,0,0,0,0.433333333333333,1,0.433333333333333,0,0,2
"E_8_L","2023","raked",0.9,0.1,"2023_raked","E_8","E",8,"L",0.0692307692307692,0.684615384615385,0.246153846153846,0,0,4,0.823555516292306,2,0.139060798454741,1,0,0.344444444444444,0.1,0.988888888888889,0,0,0,0,0,0,0,0,0,0,0,0,0,0,0.0111111111111111,0,0,0,0,0.1,0.988888888888889,0.355555555555556,0,0,2
"E_8_U","2023","unraked",0.388888888888889,0.611111111111111,"2023_unraked","E_8","E",8,"U",0.0810810810810811,0.810810810810811,0.108108108108108,0,0,4,0.645253268640876,2,0.28683598305616,1,0,0.122222222222222,0.1,1,0,0,0,0,0,0,0,0,0,0,0,0,0,0,0.0111111111111111,0,0,0,0,0.1,1,0.133333333333333,0,0,0
"E_9_L","2023","unraked",0.0222222222222222,0.977777777777778,"2023_unraked","E_9","E",9,"L",0.0344827586206897,0.775862068965517,0.189655172413793,0,0,3,0.628323107071137,1,0,1,0,0.244444444444444,0.0444444444444444,1,0,0,0,0,0,0,0,0,0,0,0,0,0,0,0,0,0,0,0,0.0444444444444444,1,0.244444444444444,0,0,0
"E_9_U","2023","raked",0.977777777777778,0.0222222222222222,"2023_raked","E_9","E",9,"U",0.228395061728395,0.567901234567902,0.197530864197531,0.00617283950617284,0,11,1.22096469351076,6,0.669182522529943,1,0,0.311111111111111,0.411111111111111,0.988888888888889,0.0111111111111111,0.0111111111111111,0.0111111111111111,0,0,0,0,0,0,0.0111111111111111,0.0111111111111111,0.0111111111111111,0,0,0,0,0.0111111111111111,0.0111111111111111,0,0.411111111111111,1,0.333333333333333,0.0111111111111111,0,2
"E_10_L","2023","raked",0.788888888888889,0.211111111111111,"2023_raked","E_10","E",10,"L",0.17687074829932,0.598639455782313,0.224489795918368,0,0,6,1.1301819471159,3,0.270640793616797,2,0.681265729663204,0.344444444444444,0.166666666666667,0.977777777777778,0,0,0,0,0.122222222222222,0,0,0,0,0,0,0.0111111111111111,0,0,0.0111111111111111,0,0,0,0,0.244444444444444,0.977777777777778,0.366666666666667,0,0,2
"E_10_U","2023","unraked",0.111111111111111,0.877777777777778,"2023_unraked","E_10","E",10,"U",0.139130434782609,0.782608695652174,0.0782608695652174,0,0,6,0.797381705623715,3,0.683738905848753,2,0.562335144618808,0.0777777777777778,0.133333333333333,1,0,0,0,0,0.0444444444444444,0,0,0,0,0.0111111111111111,0,0.0111111111111111,0,0,0,0,0,0,0,0.177777777777778,1,0.1,0,0,0
"G_1_L","2023","unraked",0.0888888888888889,0.911111111111111,"2023_unraked","G_1","G",1,"L",0.147286821705426,0.697674418604651,0.155038759689922,0,0,4,0.853056190888426,2,0.198515243345873,1,0,0.211111111111111,0.211111111111111,1,0,0,0,0,0,0,0,0,0,0.0111111111111111,0,0,0,0,0,0,0,0,0,0.211111111111111,1,0.222222222222222,0,0,0
"G_1_U","2023","raked",0.9,0.1,"2023_raked","G_1","G",1,"U",0.336898395721925,0.577540106951871,0.0855614973262032,0,0,8,1.52161655387437,3,0.881532261188164,2,0.636514168294813,0.0777777777777778,0.466666666666667,0.988888888888889,0,0.0888888888888889,0.0888888888888889,0,0.233333333333333,0,0,0,0,0.0111111111111111,0,0,0,0,0,0,0,0.122222222222222,0,0.588888888888889,0.988888888888889,0.177777777777778,0,0,2
"G_2_L","2023","raked",0.944444444444444,0.0555555555555556,"2023_raked","G_2","G",2,"L",0.333333333333333,0.545454545454545,0.121212121212121,0,0,5,1.0472320122877,2,0.198515243345873,2,0.211687544646315,0.211111111111111,0.577777777777778,1,0,0,0,0,0.0333333333333333,0,0,0,0,0.0111111111111111,0,0,0,0,0,0,0,0,0,0.611111111111111,1,0.222222222222222,0,0,2
"G_2_U","2023","unraked",0.222222222222222,0.777777777777778,"2023_unraked","G_2","G",2,"U",0.125,0.803571428571429,0.0714285714285715,0,0,4,0.664333477359151,2,0.562335144618808,1,0,0.0666666666666667,0.155555555555556,1,0,0,0,0,0,0,0,0,0,0.0222222222222222,0,0,0,0,0,0,0,0,0,0.155555555555556,1,0.0888888888888889,0,0,0
"G_3_L","2023","unraked",0,0.966666666666667,"2023_unraked","G_3","G",3,"L",0.123893805309735,0.79646017699115,0.079646017699115,0,0,4,0.673385755236679,1,0,2,0.257318640543832,0.1,0.144444444444444,1,0,0,0,0.0111111111111111,0,0,0,0,0,0,0,0,0,0,0,0,0,0,0,0.144444444444444,1,0.1,0,0,0
"G_3_U","2023","raked",0.566666666666667,0.433333333333333,"2023_raked","G_3","G",3,"U",0.0924369747899159,0.756302521008403,0.151260504201681,0,0,5,0.872296110142318,2,0.668248477664539,2,0.585952618303551,0.0777777777777778,0.0888888888888889,1,0,0,0,0,0.0333333333333333,0,0,0,0,0.122222222222222,0,0,0,0,0,0,0,0,0,0.111111111111111,1,0.188888888888889,0,0,2
"G_4_L","2023","raked",0.933333333333333,0.0666666666666667,"2023_raked","G_4","G",4,"L",0.181818181818181,0.743801652892562,0.0743801652892562,0,0,6,0.820131928254559,3,0.848685557726417,2,0.184907399167776,0.0666666666666667,0.233333333333333,1,0,0,0.0111111111111111,0,0.0111111111111111,0,0,0,0,0.0222222222222222,0,0,0,0,0,0,0,0,0,0.244444444444444,1,0.1,0,0,2
"G_4_U","2023","unraked",0.833333333333333,0.166666666666667,"2023_unraked","G_4","G",4,"U",0.073394495412844,0.81651376146789,0.110091743119267,0,0,5,0.659358378097679,2,0.28683598305616,2,0.376770161256437,0.122222222222222,0.0777777777777778,0.988888888888889,0,0,0,0,0.0111111111111111,0,0,0,0,0.0111111111111111,0,0,0,0,0,0,0,0,0,0.0888888888888889,0.988888888888889,0.133333333333333,0,0,0
"G_5_L","2023","unraked",0.133333333333333,0.866666666666667,"2023_unraked","G_5","G",5,"L",0.0210526315789474,0.926315789473684,0.0526315789473684,0,0,5,0.348078816668312,2,0.500402423538188,2,0.693147180559945,0.0444444444444444,0.0111111111111111,0.977777777777778,0,0,0,0,0.0111111111111111,0,0,0,0,0.0111111111111111,0,0,0,0,0,0,0,0,0,0.0222222222222222,0.977777777777778,0.0555555555555556,0,0,0
"G_5_U","2023","raked",0.988888888888889,0.0111111111111111,"2023_raked","G_5","G",5,"U",0.0260869565217391,0.765217391304348,0.208695652173913,0,0,4,0.7055209579434,2,0.376770161256437,1,0,0.233333333333333,0.0333333333333333,0.977777777777778,0,0,0,0,0,0,0,0,0,0.0333333333333333,0,0,0,0,0,0,0,0,0,0.0333333333333333,0.977777777777778,0.255555555555556,0,0,2
"G_6_L","2023","raked",0.844444444444444,0.155555555555556,"2023_raked","G_6","G",6,"L",0.109090909090909,0.818181818181818,0.0727272727272727,0,0,6,0.719442757401412,3,0.735621939758795,2,0.636514168294813,0.0111111111111111,0.0444444444444444,1,0,0,0,0,0.0888888888888889,0,0,0,0,0.0666666666666667,0,0,0,0,0.0111111111111111,0,0,0,0,0.133333333333333,1,0.0888888888888889,0,0,2
"G_6_U","2023","unraked",0.0666666666666667,0.933333333333333,"2023_unraked","G_6","G",6,"U",0.103448275862069,0.775862068965517,0.120689655172414,0,0,6,0.837666688327378,3,0.655975732336547,2,0.693147180559945,0.122222222222222,0.0666666666666667,1,0,0,0,0,0.0666666666666667,0,0,0,0,0.0111111111111111,0,0,0,0,0.0222222222222222,0,0,0,0,0.133333333333333,1,0.144444444444444,0,0,0
"G_7_L","2023","unraked",0.344444444444444,0.655555555555556,"2023_unraked","G_7","G",7,"L",0.00970873786407767,0.87378640776699,0.116504854368932,0,0,3,0.413352773402647,1,0,1,0,0.133333333333333,0,1,0,0,0,0,0.0111111111111111,0,0,0,0,0,0,0,0,0,0,0,0,0,0,0.0111111111111111,1,0.133333333333333,0,0,0
"G_7_U","2023","raked",0.844444444444444,0.155555555555556,"2023_raked","G_7","G",7,"U",0.208333333333334,0.75,0.0416666666666667,0,0,6,0.858733414038788,2,0.673011667009257,3,0.747435909174486,0.0333333333333333,0.0777777777777778,1,0,0,0,0,0.188888888888889,0,0.0111111111111111,0,0,0.0222222222222222,0,0,0,0,0,0,0,0,0,0.266666666666667,1,0.0555555555555556,0,0,2
"G_8_L","2023","raked",0.777777777777778,0.222222222222222,"2023_raked","G_8","G",8,"L",0.0202020202020202,0.909090909090909,0.0707070707070707,0,0,4,0.366794179699125,1,0,2,0.693147180559945,0.0777777777777778,0.0111111111111111,1,0,0,0,0,0.0111111111111111,0,0,0,0,0,0,0,0,0,0,0,0,0,0,0.0222222222222222,1,0.0777777777777778,0,0,2
"G_8_U","2023","unraked",0.3,0.7,"2023_unraked","G_8","G",8,"U",0.0206185567010309,0.927835051546392,0.0515463917525773,0,0,3,0.302377429503236,1,0,1,0,0.0555555555555556,0.0222222222222222,1,0,0,0,0,0,0,0,0,0,0,0,0,0,0,0,0,0,0,0,0.0222222222222222,1,0.0555555555555556,0,0,0
"G_9_L","2023","unraked",0.155555555555556,0.844444444444444,"2023_unraked","G_9","G",9,"L",0.0970873786407767,0.902912621359223,0,0,0,4,0.512647032350256,0,0,2,0.673011667009257,0,0.0444444444444444,1,0,0.0333333333333333,0,0,0.0666666666666667,0,0,0,0,0,0,0,0,0,0,0,0,0,0,0.111111111111111,1,0,0,0,0
"G_9_U","2023","raked",0.833333333333333,0.166666666666667,"2023_raked","G_9","G",9,"U",0.089041095890411,0.623287671232877,0.287671232876712,0,0,7,0.994860537518354,3,0.22445109055581,2,0.271189373041844,0.444444444444444,0.133333333333333,1,0,0,0,0.0111111111111111,0,0,0,0,0,0.0111111111111111,0,0,0,0,0.0111111111111111,0,0,0.0111111111111111,0,0.144444444444444,1,0.466666666666667,0,0,2
"G_10_L","2023","raked",0.811111111111111,0.188888888888889,"2023_raked","G_10","G",10,"L",0.016,0.752,0.232,0,0,4,0.751786367662853,1,0,1,0,0.322222222222222,0.0222222222222222,1,0,0.0444444444444444,0,0,0,0,0,0,0,0,0,0,0,0,0,0,0,0,0,0.0222222222222222,1,0.322222222222222,0,0,2
"G_10_U","2023","unraked",0.122222222222222,0.877777777777778,"2023_unraked","G_10","G",10,"U",0.0078740157480315,0.708661417322835,0.283464566929133,0,0,4,0.675525255892817,2,0.126930545341402,1,0,0.388888888888889,0.0111111111111111,1,0,0,0,0,0,0,0,0,0,0.0111111111111111,0,0,0,0,0,0,0,0,0,0.0111111111111111,1,0.388888888888889,0,0,0
